Company,Sector,Dividend_per_share,Payment_month,Dividend_yield,Price,Year
AABS,SUGAR & ALLIED INDUSTRIES,7.5,7,1,750.68,2026
ABL,COMMERCIAL BANKS,4,10,2.35,170.04,2026
ABOT,PHARMACEUTICALS,40,5,4.37,915.16,2026
ACPL,CEMENT,0.5,5,0.2,245.94,2026
ADAMS,SUGAR & ALLIED INDUSTRIES,4,2,6,66.72,2026
AGIC,INSURANCE,2.5,5,6.38,39.16,2026
AGP,PHARMACEUTICALS,2,10,1.31,152.8,2026
AICL,INSURANCE,3,10,3.18,94.28,2026
AKBL,COMMERCIAL BANKS,2,9,1.92,104.34,2026
ALIFE,INSURANCE,1,10,3.28,30.45,2026
ALNRS,SUGAR & ALLIED INDUSTRIES,4,2,3.31,120.75,2026
APL,OIL & GAS MARKETING COMPANIES,40,11,6.95,575.74,2026
ARPL,CHEMICAL,45,10,11.55,389.7,2026
ATIL,INSURANCE,2.5,10,3.29,75.93,2026
ATLH,AUTOMOBILE ASSEMBLER,56,7,3.57,1567.59,2026
ATRL,REFINERY,15,11,1.26,1187.48,2026
AVN,TECHNOLOGY & COMMUNICATION,1,6,3.58,27.91,2026
BAFL,COMMERCIAL BANKS,3,9,5.31,56.47,2026
BAFS,SUGAR & ALLIED INDUSTRIES,2,2,0.48,420.61,2026
BAHL,COMMERCIAL BANKS,3.5,10,2.29,152.51,2026
BIFO,CHEMICAL,2.5,4,2.33,107.36,2026
BIPL,COMMERCIAL BANKS,1.5,10,6.09,24.63,2026
BOK,COMMERCIAL BANKS,1.7,4,6.1,27.89,2026
BOP,COMMERCIAL BANKS,1.6,10,5.31,30.12,2026
BRRG,PROPERTY,0.5,12,1.25,40,2025
BWCL,CEMENT,10,9,2.23,447.48,2026
BWHL,AUTOMOBILE PARTS & ACCESSORIES,10,10,4.63,216.06,2026
CENI,INSURANCE,8,10,12.68,63.07,2026
CHCC,CEMENT,4,11,1.46,274.11,2026
COLG,FOOD & PERSONAL CARE PRODUCTS,29,10,2.66,1091.41,2026
CPPL,PAPER,3,11,3.1,96.75,2026
CSAP,ENGINEERING,3.5,11,3.85,90.86,2026
CSIL,INSURANCE,10,6,188.32,5.31,2026
DCR,REAL ESTATE INVESTMENT TRUST,0.66,8,1.7,38.84,2026
DIIL,MISCELLANEOUS,1,6,1.43,70,2026
DLL,INV. BANKS / INV. COS. / SECURITIES COS.,3,10,6.66,45.04,2026
DOL,CHEMICAL,2,11,6.46,30.94,2026
DYNO,CHEMICAL,18.5,11,5.49,337.01,2026
EFERT,FERTILIZER,1.75,9,0.9,194.31,2026
EFUG,INSURANCE,1.5,10,1.22,123,2026
EFUL,INSURANCE,1.5,10,1.2,125,2026
EPQL,POWER GENERATION & DISTRIBUTION,1,9,4.19,23.89,2026
EWIC,INSURANCE,1,5,1.69,59.25,2026
FABL,COMMERCIAL BANKS,1.5,9,1.6,93.71,2026
FATIMA,FERTILIZER,2.5,5,1.71,145.88,2026
FCEPL,FOOD & PERSONAL CARE PRODUCTS,3.5,5,2.59,134.94,2026
FFC,FERTILIZER,14.5,9,2.69,538.46,2026
FTMM,MODARABAS,1.5,12,8.06,18.6,2025
GEMPAPL,PAPER,0.5,4,4.55,11,2026
GHGL,GLASS & CERAMICS,1,11,2.52,39.67,2026
GLAXO,PHARMACEUTICALS,7,10,2.23,313.55,2026
GVGL,GLASS & CERAMICS,1,11,1.92,51.98,2026
GWLC,CEMENT,0.5,6,1.04,48.22,2026
HABSM,SUGAR & ALLIED INDUSTRIES,12,2,15.16,79.15,2026
HALEON,PHARMACEUTICALS,10,10,1.46,686.7,2026
HBL,COMMERCIAL BANKS,6,9,1.98,303.78,2026
HCAR,AUTOMOBILE ASSEMBLER,9,7,4.2,214.42,2026
HICL,INSURANCE,1.25,5,15.7,7.96,2026
HINOON,PHARMACEUTICALS,50,5,5.38,929.5,2026
HMB,COMMERCIAL BANKS,2.5,9,2.59,96.43,2026
HPL,PHARMACEUTICALS,80,10,2.02,3969,2026
HUBC,POWER GENERATION & DISTRIBUTION,5,11,2.51,198.96,2026
HUMNL,TECHNOLOGY & COMMUNICATION,5,6,50.76,9.85,2026
ICL,CHEMICAL,3,11,2.34,128.03,2026
IGIHL,INSURANCE,2.5,11,0.96,259.93,2026
ILP,TEXTILE COMPOSITE,2,11,2.06,97.29,2026
INDU,AUTOMOBILE ASSEMBLER,47,10,2.62,1791.23,2026
INIL,ENGINEERING,5,11,3.09,161.68,2026
IREIT,REAL ESTATE INVESTMENT TRUST,0.145,10,1.84,7.9,2026
ISL,ENGINEERING,3,11,3.71,80.91,2026
ITANZ,TECHNOLOGY & COMMUNICATION,1,8,2.99,33.49,2026
JDWS,SUGAR & ALLIED INDUSTRIES,5,6,0.57,880.01,2026
JGICL,INSURANCE,6,4,7.68,78.11,2026
JLICL,INSURANCE,3,9,2.8,107.02,2026
JSGBETF,EXCHANGE TRADED FUNDS,5.5,4,14.08,39.05,2026
JSMFETF,EXCHANGE TRADED FUNDS,1,2,9.32,10.73,2026
KAPCO,POWER GENERATION & DISTRIBUTION,1.5,11,5.64,26.6,2026
KSBP,ENGINEERING,1,5,0.49,206.17,2026
LCI,CHEMICAL,26.25,10,12.83,204.64,2026
LOADS,AUTOMOBILE PARTS & ACCESSORIES,4.7761,2,38.96,12.26,2026
LOTCHEM,CHEMICAL,1.5,8,5.73,26.17,2026
LSECL,INV. BANKS / INV. COS. / SECURITIES COS.,0.682,2,11.66,5.85,2026
LSEVL,INV. BANKS / INV. COS. / SECURITIES COS.,1.114,1,8.6,12.96,2026
MARI,OIL & GAS EXPLORATION COMPANIES,18.7,10,2.98,628.35,2026
MCB,COMMERCIAL BANKS,9,9,2.32,388.54,2026
MCBIM,INV. BANKS / INV. COS. / SECURITIES COS.,4,11,2.53,158.15,2026
MEBL,COMMERCIAL BANKS,7.5,9,1.35,553.65,2026
MFFL,FOOD & PERSONAL CARE PRODUCTS,12.1433,4,7.22,168.11,2026
MRNS,SUGAR & ALLIED INDUSTRIES,0.5,6,0.81,61.94,2026
MTL,AUTOMOBILE ASSEMBLER,22,11,7.41,296.97,2026
MUREB,FOOD & PERSONAL CARE PRODUCTS,14.5,11,1.56,930,2026
NATF,FOOD & PERSONAL CARE PRODUCTS,10,11,2.97,336.28,2026
NBP,COMMERCIAL BANKS,35,4,21.32,164.19,2026
NCL,TEXTILE COMPOSITE,3,11,7.71,38.89,2026
NCPL,POWER GENERATION & DISTRIBUTION,1.5,6,2.82,53.18,2026
NESTLE,FOOD & PERSONAL CARE PRODUCTS,213,9,3,7108.39,2026
NICL,CHEMICAL,2,11,0.77,260.49,2026
NONS,SUGAR & ALLIED INDUSTRIES,4,2,5.06,79.09,2026
NPL,POWER GENERATION & DISTRIBUTION,1.5,6,2.54,59.12,2026
OGDC,OIL & GAS EXPLORATION COMPANIES,6,11,1.91,313.39,2026
OLPL,INV. BANKS / INV. COS. / SECURITIES COS.,4,11,7.83,51.06,2026
PAKQATAR,INSURANCE,1,5,5.83,17.15,2026
PAKRI,INSURANCE,1,5,6.4,15.63,2026
PAKT,TOBACCO,35,9,2.51,1396.25,2026
PKGS,PAPER,16,5,2.22,721.22,2026
PNSC,TRANSPORT,5,4,0.89,561.53,2026
POL,OIL & GAS EXPLORATION COMPANIES,72.5,11,9.62,753.52,2026
PPL,OIL & GAS EXPLORATION COMPANIES,6,11,2.71,221.36,2026
PQGTL,INSURANCE,1,5,7.7,12.99,2026
PTL,AUTOMOBILE PARTS & ACCESSORIES,2,11,4.1,48.73,2026
RICL,INSURANCE,3,5,26.5,11.32,2026
RMPL,FOOD & PERSONAL CARE PRODUCTS,60,10,0.68,8841,2026
SAPT,TEXTILE COMPOSITE,10,4,0.64,1567.66,2025
SASML,SUGAR & ALLIED INDUSTRIES,2,2,0.6,331.36,2026
SAZEW,AUTOMOBILE ASSEMBLER,20,6,1.18,1698.96,2026
SCBPL,COMMERCIAL BANKS,3,10,5,60.03,2026
SGF,LEATHER & TANNERIES,2,5,1.87,107.17,2026
SHDT,TEXTILE SPINNING,3.765,4,7.54,49.92,2026
SHJS,SUGAR & ALLIED INDUSTRIES,1.25,2,0.87,143,2026
SHNI,INSURANCE,3,5,37.97,7.9,2026
SHSML,SUGAR & ALLIED INDUSTRIES,6,2,1.72,349.48,2026
SNBL,COMMERCIAL BANKS,1.5,4,7.87,19.05,2026
SNGP,OIL & GAS MARKETING COMPANIES,3,12,3.3,90.87,2025
SPEL,PAPER,1,11,2.42,41.3,2026
SPWL,POWER GENERATION & DISTRIBUTION,0.75,5,9.6,7.81,2026
SRVI,LEATHER & TANNERIES,17.5,5,9.73,179.85,2026
SSGC,OIL & GAS MARKETING COMPANIES,0.5,12,2.15,23.3,2025
STYLERS,APPAREL,0.5,6,1.01,49.68,2026
SYS,TECHNOLOGY & COMMUNICATION,10,6,8.45,118.34,2026
TCORP,SUGAR & ALLIED INDUSTRIES,2.3855,6,12.12,19.68,2026
TCORPCPS,SUGAR & ALLIED INDUSTRIES,1,10,9,11.11,2026
TGL,GLASS & CERAMICS,2,6,1.28,156.22,2025
THALL,AUTOMOBILE PARTS & ACCESSORIES,30,10,5.85,512.78,2026
TICL,SUGAR & ALLIED INDUSTRIES,10,2,1.09,913.92,2026
TSBL,INV. BANKS / INV. COS. / SECURITIES COS.,15,3,672.65,2.23,2026
UBL,COMMERCIAL BANKS,16,9,3.83,417.66,2026
UDPL,MISCELLANEOUS,1.25,6,1.26,99.53,2026
UNIC,INSURANCE,2,5,18.05,11.08,2026
UPFL,FOOD & PERSONAL CARE PRODUCTS,35,10,0.14,25499,2026
WAFI,OIL & GAS MARKETING COMPANIES,4,5,2.48,161.01,2026
ZIL,FOOD & PERSONAL CARE PRODUCTS,2.5,5,0.8,313.11,2026