Company,Price,PreviousPrice,Change,ChangePct,Date
DWSM,7.21,6.21,1.0,16.1,2026-10-02
AMBL,19.88,18.07,1.81,10.02,2026-10-02
DNCC,19.87,18.06,1.81,10.02,2026-10-02
DSIL,17.25,15.68,1.57,10.01,2026-10-02
FCIBL,35.7,39.67,-3.97,-10.01,2026-10-02
ARPAK,141.82,128.93,12.89,10.0,2026-10-02
ASHT,40.96,45.51,-4.55,-10.0,2026-10-02
ASTM,112.1,124.56,-12.46,-10.0,2026-10-02
BUXL,418.57,465.08,-46.51,-10.0,2026-10-02
FIMM,315.63,286.94,28.69,10.0,2026-10-02
MWMP,93.26,84.78,8.48,10.0,2026-10-02
NONS,87.0,79.09,7.91,10.0,2026-10-02
TOWL,132.36,120.33,12.03,10.0,2026-10-02
FTSM,39.63,44.03,-4.4,-9.99,2026-10-02
FPJM,23.53,26.14,-2.61,-9.98,2026-10-02
KOHE,16.76,15.24,1.52,9.97,2026-10-02
PIM,71.97,65.6,6.37,9.71,2026-10-02
GEMBCEM,11.25,12.38,-1.13,-9.13,2026-10-02
SML,100.0,91.66,8.34,9.1,2026-10-02
DADX,131.41,144.18,-12.77,-8.86,2026-10-02
BFAGRO,28.51,31.22,-2.71,-8.68,2026-10-02
PIL,5.34,4.92,0.42,8.54,2026-10-02
CFL,59.4,64.8,-5.4,-8.33,2026-10-02
JUBS,52.91,49.0,3.91,7.98,2026-10-02
JVDCPS,52.6,57.15,-4.55,-7.96,2026-10-02
ARMG,52.89,49.01,3.88,7.92,2026-10-02
OBOY,17.03,18.38,-1.35,-7.34,2026-10-02
ELSM,210.48,196.28,14.2,7.23,2026-10-02
NATM,67.67,72.94,-5.27,-7.23,2026-10-02
GOC,163.32,152.59,10.73,7.03,2026-10-02
ANLNV,8.54,8.0,0.54,6.75,2026-10-02
JSRR,10.67,11.36,-0.69,-6.07,2026-10-02
PKGI,25.8,27.43,-1.63,-5.94,2026-10-02
QUET,14.6,15.52,-0.92,-5.93,2026-10-02
PSYL,172.34,162.85,9.49,5.83,2026-10-02
ANTM,72.53,77.01,-4.48,-5.82,2026-10-02
ASLCPS,70.64,75.0,-4.36,-5.81,2026-10-02
DFML,18.48,17.49,0.99,5.66,2026-10-02
FHAM,27.48,29.11,-1.63,-5.6,2026-10-02
MDTL,7.1,7.52,-0.42,-5.59,2026-10-02
REWM,168.9,160.01,8.89,5.56,2026-10-02
PPVC,17.45,18.45,-1.0,-5.42,2026-10-02
DAAG,81.29,85.54,-4.25,-4.97,2026-10-02
SPAC1,21.26,22.36,-1.1,-4.92,2026-10-02
SIBL,6.64,6.98,-0.34,-4.87,2026-10-02
ZUMA,28.37,27.06,1.31,4.84,2026-10-02
ARCTM,54.54,57.29,-2.75,-4.8,2026-10-02
SAIF,42.01,44.12,-2.11,-4.78,2026-10-02
SLYT,15.77,16.56,-0.79,-4.77,2026-10-02
CRTM,60.0,63.0,-3.0,-4.76,2026-10-02
JATM,36.62,38.43,-1.81,-4.71,2026-10-02
KOSM,5.57,5.84,-0.27,-4.62,2026-10-02
SARC,68.29,71.6,-3.31,-4.62,2026-10-02
TPLRF1,8.87,9.3,-0.43,-4.62,2026-10-02
GUSM,8.13,8.52,-0.39,-4.58,2026-10-02
TPL,21.02,22.03,-1.01,-4.58,2026-10-02
FIBLM,14.68,15.38,-0.7,-4.55,2026-10-02
SUTM,113.69,108.74,4.95,4.55,2026-10-02
PMRS,355.24,371.65,-16.41,-4.42,2026-10-02
DWAE,21.49,22.48,-0.99,-4.4,2026-10-02
NSRM,199.06,208.22,-9.16,-4.4,2026-10-02
ARUJ,9.06,9.47,-0.41,-4.33,2026-10-02
SINDM,34.76,36.33,-1.57,-4.32,2026-10-02
BPL,50.25,52.48,-2.23,-4.25,2026-10-02
SNAI,32.19,33.62,-1.43,-4.25,2026-10-02
SZTM,83.5,87.02,-3.52,-4.05,2026-10-02
ASIC,33.73,32.42,1.31,4.04,2026-10-02
MSCL,19.91,20.74,-0.83,-4.0,2026-10-02
SKRS,23.92,23.01,0.91,3.95,2026-10-02
DBCI,13.21,12.71,0.5,3.93,2026-10-02
HIRAT,5.85,6.08,-0.23,-3.78,2026-10-02
TPLL,18.95,19.68,-0.73,-3.71,2026-10-02
FFLM,12.01,12.47,-0.46,-3.69,2026-10-02
TPLP,12.1,12.56,-0.46,-3.66,2026-10-02
LSECL,5.64,5.85,-0.21,-3.59,2026-10-02
DMC,167.86,162.08,5.78,3.57,2026-10-02
MIRKS,31.6,32.75,-1.15,-3.51,2026-10-02
FTMM,17.95,18.6,-0.65,-3.49,2026-10-02
PIBTL,14.2,14.71,-0.51,-3.47,2026-10-02
QUICE,27.02,27.99,-0.97,-3.47,2026-10-02
GFIL,27.05,28.0,-0.95,-3.39,2026-10-02
WASL,5.82,6.02,-0.2,-3.32,2026-10-02
RUPL,27.17,28.1,-0.93,-3.31,2026-10-02
TELE,7.36,7.61,-0.25,-3.29,2026-10-02
OLPM,26.6,27.5,-0.9,-3.27,2026-10-02
FCSC,5.08,5.25,-0.17,-3.24,2026-10-02
SSML,18.29,18.9,-0.61,-3.23,2026-10-02
CHBL,9.75,10.07,-0.32,-3.18,2026-10-02
KSTM,12.48,12.11,0.37,3.06,2026-10-02
TSML,485.1,500.4,-15.3,-3.06,2026-10-02
POML,148.37,144.06,4.31,2.99,2026-10-02
SPSL,15.32,15.79,-0.47,-2.98,2026-10-02
EFUL,128.68,125.0,3.68,2.94,2026-10-02
FZCM,272.25,280.46,-8.21,-2.93,2026-10-02
CLOV,6.79,6.99,-0.2,-2.86,2026-10-02
ASL,16.63,17.11,-0.48,-2.81,2026-10-02
DIIL,68.03,70.0,-1.97,-2.81,2026-10-02
REDCO,27.1,27.88,-0.78,-2.8,2026-10-02
PASM,9.43,9.7,-0.27,-2.78,2026-10-02
HAEL,24.18,24.87,-0.69,-2.77,2026-10-02
QTECH,35.13,36.13,-1.0,-2.77,2026-10-02
ECOP,47.08,48.41,-1.33,-2.75,2026-10-02
YOUW,5.03,5.17,-0.14,-2.71,2026-10-02
SPEL,40.19,41.3,-1.11,-2.69,2026-10-02
UBDL,26.0,26.72,-0.72,-2.69,2026-10-02
AICL,96.8,94.28,2.52,2.67,2026-10-02
IML,25.32,24.69,0.63,2.55,2026-10-02
TRG,54.39,55.79,-1.4,-2.51,2026-10-02
KOIL,33.12,33.97,-0.85,-2.5,2026-10-02
HWQS,19.03,19.51,-0.48,-2.46,2026-10-02
AMTEX,3.99,4.09,-0.1,-2.44,2026-10-02
PASL,2.52,2.46,0.06,2.44,2026-10-02
IGIL,18.5,18.96,-0.46,-2.43,2026-10-02
SYM,11.74,12.03,-0.29,-2.41,2026-10-02
CLCPS,3.3,3.38,-0.08,-2.37,2026-10-02
TGL,152.54,156.22,-3.68,-2.36,2026-10-02
ACIETF,16.2,16.59,-0.39,-2.35,2026-10-02
PIOC,234.0,239.62,-5.62,-2.35,2026-10-02
CLVL,27.07,26.45,0.62,2.34,2026-10-02
SEL,25.78,25.19,0.59,2.34,2026-10-02
BFMOD,20.15,20.63,-0.48,-2.33,2026-10-02
MACTER,253.98,248.25,5.73,2.31,2026-10-02
STL,23.32,23.87,-0.55,-2.3,2026-10-02
BOK,28.53,27.89,0.64,2.29,2026-10-02
WAVESAPP,7.7,7.88,-0.18,-2.28,2026-10-02
PREMA,33.22,33.99,-0.77,-2.27,2026-10-02
PRWM,58.64,60.0,-1.36,-2.27,2026-10-02
UNIC,10.83,11.08,-0.25,-2.26,2026-10-02
GAL,526.94,539.06,-12.12,-2.25,2026-10-02
IDYM,133.47,130.56,2.91,2.23,2026-10-02
FECM,18.4,18.0,0.4,2.22,2026-10-02
MFFL,164.4,168.11,-3.71,-2.21,2026-10-02
ICCI,12.89,13.18,-0.29,-2.2,2026-10-02
TOMCL,31.05,31.75,-0.7,-2.2,2026-10-02
BBFL,36.39,35.61,0.78,2.19,2026-10-02
HUSI,48.64,47.6,1.04,2.18,2026-10-02
LSEVL,12.68,12.96,-0.28,-2.16,2026-10-02
ITANZ,32.77,33.49,-0.72,-2.15,2026-10-02
ITTEFAQ,7.73,7.9,-0.17,-2.15,2026-10-02
UDPL,97.39,99.53,-2.14,-2.15,2026-10-02
TISL,5.02,5.13,-0.11,-2.14,2026-10-02
AGIC,39.99,39.16,0.83,2.12,2026-10-02
SERT,37.64,38.45,-0.81,-2.11,2026-10-02
SYS,115.84,118.34,-2.5,-2.11,2026-10-02
SHJS,139.99,143.0,-3.01,-2.1,2026-10-02
CSIL,5.2,5.31,-0.11,-2.07,2026-10-02
STML,44.01,44.94,-0.93,-2.07,2026-10-02
ANSM,23.4,22.93,0.47,2.05,2026-10-02
LIVEN,31.14,31.78,-0.64,-2.01,2026-10-02
CNERGY,12.72,12.98,-0.26,-2.0,2026-10-02
FDPL,4.42,4.51,-0.09,-2.0,2026-10-02
ALAC,22.72,23.18,-0.46,-1.98,2026-10-02
EFUG,125.43,123.0,2.43,1.98,2026-10-02
PAKQATAR,16.81,17.15,-0.34,-1.98,2026-10-02
ZAHID,61.87,63.1,-1.23,-1.95,2026-10-02
NPL,57.98,59.12,-1.14,-1.93,2026-10-02
CHAS,81.97,80.43,1.54,1.91,2026-10-02
PKGP,34.33,35.0,-0.67,-1.91,2026-10-02
JSML,49.02,49.97,-0.95,-1.9,2026-10-02
GRYL,21.93,22.35,-0.42,-1.88,2026-10-02
CPPL,94.98,96.75,-1.77,-1.83,2026-10-02
DWTM,10.03,9.85,0.18,1.83,2026-10-02
DSL,4.47,4.39,0.08,1.82,2026-10-02
DEL,16.77,17.08,-0.31,-1.81,2026-10-02
STJT,150.64,147.98,2.66,1.8,2026-10-02
AKDSL,33.0,33.6,-0.6,-1.79,2026-10-02
HTL,37.14,37.81,-0.67,-1.77,2026-10-02
RPL,14.99,15.26,-0.27,-1.77,2026-10-02
MFL,44.53,43.76,0.77,1.76,2026-10-02
SHDT,49.04,49.92,-0.88,-1.76,2026-10-02
SPL,42.87,42.13,0.74,1.76,2026-10-02
DYNO,342.89,337.01,5.88,1.74,2026-10-02
HUMNL,9.68,9.85,-0.17,-1.73,2026-10-02
ZAL,40.41,41.12,-0.71,-1.73,2026-10-02
EPCLPS,14.26,14.02,0.24,1.71,2026-10-02
HABSM,80.5,79.15,1.35,1.71,2026-10-02
TREET,21.36,21.73,-0.37,-1.7,2026-10-02
FIL,284.62,279.89,4.73,1.69,2026-10-02
IMAGE,25.07,25.5,-0.43,-1.69,2026-10-02
TSPL,12.9,13.12,-0.22,-1.68,2026-10-02
NEXT,14.23,14.47,-0.24,-1.66,2026-10-02
FML,44.2,44.94,-0.74,-1.65,2026-10-02
CTM,6.85,6.74,0.11,1.63,2026-10-02
SELECT,30.63,31.13,-0.5,-1.61,2026-10-02
BNL,5.54,5.63,-0.09,-1.6,2026-10-02
FEROZ,340.55,346.0,-5.45,-1.58,2026-10-02
TATM,148.77,151.12,-2.35,-1.56,2026-10-02
FCEL,5.08,5.16,-0.08,-1.55,2026-10-02
SOYASUP,28.91,28.47,0.44,1.55,2026-10-02
SURC,145.71,147.98,-2.27,-1.53,2026-10-02
MRNS,61.0,61.94,-0.94,-1.52,2026-10-02
UCAPM,5.21,5.29,-0.08,-1.51,2026-10-02
IGIHL,256.06,259.93,-3.87,-1.49,2026-10-02
KEL,5.97,6.06,-0.09,-1.49,2026-10-02
MERIT,9.32,9.46,-0.14,-1.48,2026-10-02
IBLHL,41.63,42.25,-0.62,-1.47,2026-10-02
SRVI,182.46,179.85,2.61,1.45,2026-10-02
HCAR,211.33,214.42,-3.09,-1.44,2026-10-02
PSX,45.2,45.86,-0.66,-1.44,2026-10-02
SMCPL,40.62,41.21,-0.59,-1.43,2026-10-02
TPLI,53.41,52.67,0.74,1.4,2026-10-02
LOADS,12.09,12.26,-0.17,-1.39,2026-10-02
SHFA,442.06,436.05,6.01,1.38,2026-10-02
AATM,42.77,42.19,0.58,1.37,2026-10-02
GTYR,25.22,25.57,-0.35,-1.37,2026-10-02
AGHA,6.58,6.67,-0.09,-1.35,2026-10-02
TSBL,2.2,2.23,-0.03,-1.35,2026-10-02
RMPL,8722.89,8841.0,-118.11,-1.34,2026-10-02
LPL,19.0,18.75,0.25,1.33,2026-10-02
PAEL,34.77,35.24,-0.47,-1.33,2026-10-02
TSMF,16.29,16.51,-0.22,-1.33,2026-10-02
NESTLE,7014.86,7108.39,-93.53,-1.32,2026-10-02
AGIL,145.04,146.97,-1.93,-1.31,2026-10-02
BFBIO,124.68,126.34,-1.66,-1.31,2026-10-02
BGL,9.18,9.3,-0.12,-1.29,2026-10-02
DCL,9.36,9.48,-0.12,-1.27,2026-10-02
ISL,79.88,80.91,-1.03,-1.27,2026-10-02
NBP,162.11,164.19,-2.08,-1.27,2026-10-02
SHNI,8.0,7.9,0.1,1.27,2026-10-02
GGL,18.8,19.04,-0.24,-1.26,2026-10-02
BCL,69.32,70.2,-0.88,-1.25,2026-10-02
STPL,7.91,8.01,-0.1,-1.25,2026-10-02
GADT,293.44,297.12,-3.68,-1.24,2026-10-02
AABS,759.89,750.68,9.21,1.23,2026-10-02
JGICL,79.07,78.11,0.96,1.23,2026-10-02
AGSML,8.95,9.06,-0.11,-1.21,2026-10-02
MLCF,90.14,91.23,-1.09,-1.19,2026-10-02
PSEL,1011.43,999.77,11.66,1.17,2026-10-02
STCL,8.83,8.73,0.1,1.15,2026-10-02
BML,55.53,56.17,-0.64,-1.14,2026-10-02
JDMT,138.49,136.93,1.56,1.14,2026-10-02
FATIMA,144.25,145.88,-1.63,-1.12,2026-10-02
JSMFETF,10.61,10.73,-0.12,-1.12,2026-10-02
MACFL,69.56,68.79,0.77,1.12,2026-10-02
KOHTM,88.19,89.18,-0.99,-1.11,2026-10-02
MARI,635.22,628.35,6.87,1.09,2026-10-02
THCCL,71.49,72.28,-0.79,-1.09,2026-10-02
RUBY,22.01,22.25,-0.24,-1.08,2026-10-02
P05FRR300930,95.39,96.42,-1.03,-1.07,2026-10-02
KPUS,781.98,790.34,-8.36,-1.06,2026-10-02
CHCC,271.23,274.11,-2.88,-1.05,2026-10-02
GGGL,7.53,7.61,-0.08,-1.05,2026-10-02
NCPL,52.62,53.18,-0.56,-1.05,2026-10-02
AVN,27.62,27.91,-0.29,-1.04,2026-10-02
FANM,9.75,9.65,0.1,1.04,2026-10-02
INIL,160.0,161.68,-1.68,-1.04,2026-10-02
GATM,20.15,20.36,-0.21,-1.03,2026-10-02
JSBL,12.52,12.65,-0.13,-1.03,2026-10-02
NML,128.75,130.09,-1.34,-1.03,2026-10-02
SITC,689.0,681.98,7.02,1.03,2026-10-02
NAGC,91.53,92.47,-0.94,-1.02,2026-10-02
PKGS,713.89,721.22,-7.33,-1.02,2026-10-02
SAZEW,1681.56,1698.96,-17.4,-1.02,2026-10-02
FCCL,51.13,51.65,-0.52,-1.01,2026-10-02
IREIT,7.82,7.9,-0.08,-1.01,2026-10-02
WAFI,159.39,161.01,-1.62,-1.01,2026-10-02
PIAHCLA,21.81,22.03,-0.22,-1.0,2026-10-02
GATI,82.86,83.69,-0.83,-0.99,2026-10-02
NRSL,36.84,36.48,0.36,0.99,2026-10-02
ANL,9.06,9.15,-0.09,-0.98,2026-10-02
NATF,332.99,336.28,-3.29,-0.98,2026-10-02
PCAL,138.35,137.05,1.3,0.95,2026-10-02
PRL,90.35,91.22,-0.87,-0.95,2026-10-02
KTML,41.07,41.46,-0.39,-0.94,2026-10-02
P03FRR180629,99.03,99.97,-0.94,-0.94,2026-10-02
OTSU,356.95,360.3,-3.35,-0.93,2026-10-02
ESBL,10.96,10.86,0.1,0.92,2026-10-02
JVDC,137.82,136.56,1.26,0.92,2026-10-02
SIEM,1598.95,1613.81,-14.86,-0.92,2026-10-02
CSAP,90.03,90.86,-0.83,-0.91,2026-10-02
PICT,45.61,46.03,-0.42,-0.91,2026-10-02
TBL,8.67,8.75,-0.08,-0.91,2026-10-02
WAHDAT,14.19,14.32,-0.13,-0.91,2026-10-02
FLYNG,34.4,34.1,0.3,0.88,2026-10-02
MEBL,548.79,553.65,-4.86,-0.88,2026-10-02
KML,8.0,8.07,-0.07,-0.87,2026-10-02
UNITY,7.95,8.02,-0.07,-0.87,2026-10-02
POWER,21.78,21.97,-0.19,-0.86,2026-10-02
BERG,116.08,117.08,-1.0,-0.85,2026-10-02
GCWL,12.82,12.93,-0.11,-0.85,2026-10-02
BLUEX,5.93,5.98,-0.05,-0.84,2026-10-02
FNEL,1.22,1.21,0.01,0.83,2026-10-02
HINO,311.47,314.05,-2.58,-0.82,2026-10-02
NRL,596.68,601.51,-4.83,-0.8,2026-10-02
GHNI,1033.39,1041.62,-8.23,-0.79,2026-10-02
PINL,10.03,10.11,-0.08,-0.79,2026-10-02
APL,571.3,575.74,-4.44,-0.77,2026-10-02
INDU,1804.88,1791.23,13.65,0.76,2026-10-02
MEHT,136.35,137.4,-1.05,-0.76,2026-10-02
MSOT,188.76,190.2,-1.44,-0.76,2026-10-02
SSOM,502.43,506.29,-3.86,-0.76,2026-10-02
UBL,420.82,417.66,3.16,0.76,2026-10-02
EPCL,32.67,32.43,0.24,0.74,2026-10-02
HINOON,922.63,929.5,-6.87,-0.74,2026-10-02
JSCL,20.03,20.18,-0.15,-0.74,2026-10-02
PABC,92.53,93.22,-0.69,-0.74,2026-10-02
PPP,146.72,145.64,1.08,0.74,2026-10-02
PTL,48.37,48.73,-0.36,-0.74,2026-10-02
DINT,58.83,59.26,-0.43,-0.73,2026-10-02
MCBIM,157.0,158.15,-1.15,-0.73,2026-10-02
BIFO,106.59,107.36,-0.77,-0.72,2026-10-02
PACE,9.7,9.77,-0.07,-0.72,2026-10-02
GVGL,52.35,51.98,0.37,0.71,2026-10-02
CEPB,25.72,25.54,0.18,0.7,2026-10-02
FECTC,92.3,92.95,-0.65,-0.7,2026-10-02
BECO,4.38,4.35,0.03,0.69,2026-10-02
ICL,128.9,128.03,0.87,0.68,2026-10-02
ATBA,161.89,162.99,-1.1,-0.67,2026-10-02
SBL,13.34,13.43,-0.09,-0.67,2026-10-02
AGP,151.8,152.8,-1.0,-0.65,2026-10-02
DFSM,15.23,15.33,-0.1,-0.65,2026-10-02
DOL,30.74,30.94,-0.2,-0.65,2026-10-02
BAHL,151.55,152.51,-0.96,-0.63,2026-10-02
BOP,29.93,30.12,-0.19,-0.63,2026-10-02
IDEAL,52.74,52.41,0.33,0.63,2026-10-02
PQGTL,12.91,12.99,-0.08,-0.62,2026-10-02
BIPL,24.78,24.63,0.15,0.61,2026-10-02
OCTOPUS,27.57,27.74,-0.17,-0.61,2026-10-02
PGLC,16.52,16.42,0.1,0.61,2026-10-02
LUCK,410.56,413.04,-2.48,-0.6,2026-10-02
EMCO,32.1,32.29,-0.19,-0.59,2026-10-02
LSEFSL,3.39,3.37,0.02,0.59,2026-10-02
SEARL,78.93,79.4,-0.47,-0.59,2026-10-02
GCIL,30.86,31.04,-0.18,-0.58,2026-10-02
GHGL,39.9,39.67,0.23,0.58,2026-10-02
GRR,22.18,22.31,-0.13,-0.58,2026-10-02
PNSC,564.77,561.53,3.24,0.58,2026-10-02
SLGL,13.61,13.69,-0.08,-0.58,2026-10-02
FABL,93.18,93.71,-0.53,-0.57,2026-10-02
BWHL,217.26,216.06,1.2,0.56,2026-10-02
HMB,95.89,96.43,-0.54,-0.56,2026-10-02
ICIBL,16.04,16.13,-0.09,-0.56,2026-10-02
PECO,609.0,605.59,3.41,0.56,2026-10-02
SNGP,90.36,90.87,-0.51,-0.56,2026-10-02
COLG,1085.46,1091.41,-5.95,-0.55,2026-10-02
FFL,14.41,14.49,-0.08,-0.55,2026-10-02
NETSOL,117.86,118.51,-0.65,-0.55,2026-10-02
AHL,112.9,112.29,0.61,0.54,2026-10-02
IPAK,35.47,35.28,0.19,0.54,2026-10-02
PTC,58.87,59.19,-0.32,-0.54,2026-10-02
TICL,918.9,913.92,4.98,0.54,2026-10-02
AIRLINK,120.3,120.94,-0.64,-0.53,2026-10-02
SRR,17.0,17.09,-0.09,-0.53,2026-10-02
GWLC,47.97,48.22,-0.25,-0.52,2026-10-02
KOHC,86.94,87.39,-0.45,-0.51,2026-10-02
OML,77.8,77.41,0.39,0.5,2026-10-02
HBL,302.29,303.78,-1.49,-0.49,2026-10-02
LEUL,69.97,70.3,-0.33,-0.47,2026-10-02
IMS,17.76,17.68,0.08,0.45,2026-10-02
JSGCL,137.38,138.0,-0.62,-0.45,2026-10-02
MUGHAL,68.7,69.01,-0.31,-0.45,2026-10-02
GLAXO,312.18,313.55,-1.37,-0.44,2026-10-02
ORM,11.21,11.26,-0.05,-0.44,2026-10-02
BWCL,445.56,447.48,-1.92,-0.43,2026-10-02
CPHL,71.86,72.16,-0.3,-0.42,2026-10-02
UDLI,16.6,16.67,-0.07,-0.42,2026-10-02
DCR,39.0,38.84,0.16,0.41,2026-10-02
TCORP,19.6,19.68,-0.08,-0.41,2026-10-02
PRET,543.52,541.35,2.17,0.4,2026-10-02
SEPL,133.93,133.4,0.53,0.4,2026-10-02
STYLERS,49.88,49.68,0.2,0.4,2026-10-02
OGDC,314.62,313.39,1.23,0.39,2026-10-02
AHCL,15.85,15.79,0.06,0.38,2026-10-02
FEM,10.5,10.46,0.04,0.38,2026-10-02
HICL,7.93,7.96,-0.03,-0.38,2026-10-02
ILP,96.92,97.29,-0.37,-0.38,2026-10-02
MIIETF,15.95,16.01,-0.06,-0.37,2026-10-02
SPAC2,13.61,13.66,-0.05,-0.37,2026-10-02
NNAR,22.26,22.18,0.08,0.36,2026-10-02
ATLH,1573.13,1567.59,5.54,0.35,2026-10-02
TPLT,31.77,31.88,-0.11,-0.35,2026-10-02
UBLPETF,28.17,28.27,-0.1,-0.35,2026-10-02
ABOT,912.09,915.16,-3.07,-0.34,2026-10-02
BELA,70.0,70.24,-0.24,-0.34,2026-10-02
AKBL,104.0,104.34,-0.34,-0.33,2026-10-02
JSGBETF,38.92,39.05,-0.13,-0.33,2026-10-02
JLICL,106.68,107.02,-0.34,-0.32,2026-10-02
PPL,220.66,221.36,-0.7,-0.32,2026-10-02
ZTL,15.49,15.44,0.05,0.32,2026-10-02
BAPL,38.05,38.17,-0.12,-0.31,2026-10-02
LOTCHEM,26.25,26.17,0.08,0.31,2026-10-02
SLM,22.58,22.65,-0.07,-0.31,2026-10-02
ADMM,52.68,52.84,-0.16,-0.3,2026-10-02
KOHP,19.79,19.73,0.06,0.3,2026-10-02
FCEPL,134.55,134.94,-0.39,-0.29,2026-10-02
HBLTETF,106.25,106.56,-0.31,-0.29,2026-10-02
HGFA,13.69,13.73,-0.04,-0.29,2026-10-02
SHEZ,282.03,282.84,-0.81,-0.29,2026-10-02
ASTL,17.74,17.79,-0.05,-0.28,2026-10-02
TRIPF,129.72,130.09,-0.37,-0.28,2026-10-02
AGTL,347.05,347.99,-0.94,-0.27,2026-10-02
DLL,44.92,45.04,-0.12,-0.27,2026-10-02
EXIDE,415.7,416.84,-1.14,-0.27,2026-10-02
NBPGETF,26.23,26.3,-0.07,-0.27,2026-10-02
JDWS,877.76,880.01,-2.25,-0.26,2026-10-02
PAKT,1399.87,1396.25,3.62,0.26,2026-10-02
SNBL,19.0,19.05,-0.05,-0.26,2026-10-02
SPWL,7.83,7.81,0.02,0.26,2026-10-02
ASC,8.36,8.34,0.02,0.24,2026-10-02
WAHN,224.07,224.62,-0.55,-0.24,2026-10-02
HALEON,685.1,686.7,-1.6,-0.23,2026-10-02
HPL,3978.1,3969.0,9.1,0.23,2026-10-02
MZNPETF,17.2,17.24,-0.04,-0.23,2026-10-02
PAKD,118.86,119.13,-0.27,-0.23,2026-10-02
BATA,859.12,857.23,1.89,0.22,2026-10-02
ENGROH,262.13,262.71,-0.58,-0.22,2026-10-02
WAVES,8.91,8.93,-0.02,-0.22,2026-10-02
GAMON,19.5,19.46,0.04,0.21,2026-10-02
HASCOL,18.66,18.7,-0.04,-0.21,2026-10-02
HIFA,4.72,4.73,-0.01,-0.21,2026-10-02
IDRT,32.52,32.59,-0.07,-0.21,2026-10-02
NITGETF,32.84,32.91,-0.07,-0.21,2026-10-02
SGPL,23.21,23.26,-0.05,-0.21,2026-10-02
EFERT,193.92,194.31,-0.39,-0.2,2026-10-02
PIAHCLB,15150.5,15181.0,-30.5,-0.2,2026-10-02
MQTM,26.99,26.94,0.05,0.19,2026-10-02
PAKRI,15.6,15.63,-0.03,-0.19,2026-10-02
ABL,169.73,170.04,-0.31,-0.18,2026-10-02
ACPL,245.5,245.94,-0.44,-0.18,2026-10-02
NCL,38.96,38.89,0.07,0.18,2026-10-02
NICL,260.01,260.49,-0.48,-0.18,2026-10-02
PAKOXY,348.34,347.72,0.62,0.18,2026-10-02
PSO,347.1,347.73,-0.63,-0.18,2026-10-02
FPRM,11.86,11.88,-0.02,-0.17,2026-10-02
ALIFE,30.5,30.45,0.05,0.16,2026-10-02
ATRL,1189.43,1187.48,1.95,0.16,2026-10-02
HUBC,198.64,198.96,-0.32,-0.16,2026-10-02
786,20.64,20.67,-0.03,-0.15,2026-10-02
ALTN,6.62,6.61,0.01,0.15,2026-10-02
SGF,107.01,107.17,-0.16,-0.15,2026-10-02
SHSML,340.5,341.0,-0.5,-0.15,2026-10-02
THALL,511.99,512.78,-0.79,-0.15,2026-10-02
TRSM,13.5,13.52,-0.02,-0.15,2026-10-02
LCI,204.36,204.64,-0.28,-0.14,2026-10-02
MCB,388.03,388.54,-0.51,-0.13,2026-10-02
SSGC,23.27,23.3,-0.03,-0.13,2026-10-02
OLPL,51.0,51.06,-0.06,-0.12,2026-10-02
GDL,17.95,17.97,-0.02,-0.11,2026-10-02
KAPCO,26.63,26.6,0.03,0.11,2026-10-02
LPGL,69.9,69.82,0.08,0.11,2026-10-02
P01GIS141026,99.7,99.59,0.11,0.11,2026-10-02
P03GHS151026,99.69,99.58,0.11,0.11,2026-10-02
FFC,537.9,538.46,-0.56,-0.1,2026-10-02
HRPL,19.03,19.05,-0.02,-0.1,2026-10-02
P01GHS150427,93.94,93.85,0.09,0.1,2026-10-02
P03GHS291026,99.25,99.15,0.1,0.1,2026-10-02
KHTC,293.56,293.31,0.25,0.09,2026-10-02
P03GHS121126,98.81,98.72,0.09,0.09,2026-10-02
P03GHS261126,98.39,98.3,0.09,0.09,2026-10-02
P06GHS040227,96.19,96.1,0.09,0.09,2026-10-02
P06GHS040327,95.44,95.35,0.09,0.09,2026-10-02
P06GHS210127,96.65,96.56,0.09,0.09,2026-10-02
DGKC,187.07,187.22,-0.15,-0.08,2026-10-02
P01GIS210127,96.65,96.57,0.08,0.08,2026-10-02
POL,754.13,753.52,0.61,0.08,2026-10-02
AGL,45.39,45.42,-0.03,-0.07,2026-10-02
ARPL,389.43,389.7,-0.27,-0.07,2026-10-02
FCL,27.07,27.09,-0.02,-0.07,2026-10-02
P01GHS230627,92.21,92.15,0.06,0.07,2026-10-02
BAFL,56.5,56.47,0.03,0.05,2026-10-02
BNWM,61.23,61.2,0.03,0.05,2026-10-02
BRRG,40.02,40.0,0.02,0.05,2026-10-02
SCBPL,60.0,60.03,-0.03,-0.05,2026-10-02
KSBP,206.26,206.17,0.09,0.04,2026-10-02
UPFL,25488.4,25499.0,-10.6,-0.04,2026-10-02
MTL,297.05,296.97,0.08,0.03,2026-10-02
P01GHS050827,91.11,91.08,0.03,0.03,2026-10-02
P01GHS130527,93.27,93.25,0.02,0.02,2026-10-02
P01GHS100627,92.62,92.63,-0.01,-0.01,2026-10-02
P01GHS160927,89.73,89.72,0.01,0.01,2026-10-02
ADAMS,66.72,66.72,0.0,0.0,2026-10-02
AHTM,87.02,87.02,0.0,0.0,2026-10-02
AKDHL,151.22,151.22,0.0,0.0,2026-10-02
AKGL,56.06,56.06,0.0,0.0,2026-10-02
ASLPS,25.9,25.9,0.0,0.0,2026-10-02
ATIL,75.93,75.93,0.0,0.0,2026-10-02
BAFS,420.61,420.61,0.0,0.0,2026-10-02
BHAT,816.54,816.54,0.0,0.0,2026-10-02
BTL,845.45,845.45,0.0,0.0,2026-10-02
CCM,42.74,42.74,0.0,0.0,2026-10-02
CENI,63.07,63.07,0.0,0.0,2026-10-02
ELCM,250.19,250.19,0.0,0.0,2026-10-02
EPQL,23.89,23.89,0.0,0.0,2026-10-02
FASM,336.16,336.16,0.0,0.0,2026-10-02
FRCL,86.95,86.95,0.0,0.0,2026-10-02
FRSM,41.16,41.16,0.0,0.0,2026-10-02
GEMMEL,41.09,41.09,0.0,0.0,2026-10-02
GEMPACRA,43.67,43.67,0.0,0.0,2026-10-02
GSPM,7.56,7.56,0.0,0.0,2026-10-02
HAFL,448.96,448.96,0.0,0.0,2026-10-02
IBFL,251.95,251.95,0.0,0.0,2026-10-02
INKL,101.58,101.58,0.0,0.0,2026-10-02
ISIL,1822.86,1822.86,0.0,0.0,2026-10-02
JKSM,306.4,306.4,0.0,0.0,2026-10-02
JSIL,35.73,35.73,0.0,0.0,2026-10-02
KCL,156.18,156.18,0.0,0.0,2026-10-02
KHYT,1847.6,1847.6,0.0,0.0,2026-10-02
MUGHALC,62.0,62.0,0.0,0.0,2026-10-02
MUREB,930.0,930.0,0.0,0.0,2026-10-02
P01GHS020927,90.18,90.18,0.0,0.0,2026-10-02
P01GHS080727,91.82,91.82,0.0,0.0,2026-10-02
P01GHS190827,90.65,90.65,0.0,0.0,2026-10-02
P03FRR220129,94.75,94.75,0.0,0.0,2026-10-02
PAKL,51.6,51.6,0.0,0.0,2026-10-02
POWERPS,29.62,29.62,0.0,0.0,2026-10-02
RICL,11.32,11.32,0.0,0.0,2026-10-02
SANSM,117.48,117.48,0.0,0.0,2026-10-02
SAPT,1567.66,1567.66,0.0,0.0,2026-10-02
SASML,331.36,331.36,0.0,0.0,2026-10-02
SFL,1053.5,1053.5,0.0,0.0,2026-10-02
SHCM,55.66,55.66,0.0,0.0,2026-10-02
WTL,1.0,1.0,0.0,0.0,2026-10-02
ZIL,313.11,313.11,0.0,0.0,2026-10-02
