date,symbol,ldcp,open,high,low,close,change,change_pct,volume
2026-03-13,DSL,5.50,5.65,6.23,5.63,5.70,0.20,3.64%,"27,793,436"
2026-03-13,HASCOL,17.46,17.59,18.56,17.50,17.99,0.53,3.04%,"25,429,776"
2026-03-13,BOP,27.72,27.50,27.90,26.87,27.26,-0.46,-1.66%,"16,327,842"
2026-03-13,FNEL,1.19,1.18,1.22,1.14,1.19,0.00,0.00%,"15,933,544"
2026-03-13,KEL,7.59,7.51,7.82,7.50,7.59,0.00,0.00%,"15,069,947"
2026-03-13,CSIL,3.62,3.60,4.33,3.60,4.17,0.55,15.19%,"14,688,092"
2026-03-13,KOSM,4.00,4.05,4.97,3.95,4.79,0.79,19.75%,"14,203,872"
2026-03-13,BOP-MAR,27.81,27.52,27.90,26.90,27.29,-0.52,-1.87%,"12,366,500"
2026-03-13,JSMFETF,10.41,10.46,10.73,10.25,10.33,-0.08,-0.77%,"11,513,500"
2026-03-13,BOP-MARB,26.38,26.40,26.80,25.60,26.09,-0.29,-1.10%,"8,671,000"
2026-03-13,WTL,1.24,1.26,1.27,1.23,1.24,0.00,0.00%,"7,011,306"
2026-03-13,KOSM-MAR,4.04,4.02,5.03,4.02,4.83,0.79,19.55%,"5,537,000"
2026-03-13,NCPL,64.89,64.00,65.40,62.80,63.32,-1.57,-2.42%,"5,098,925"
2026-03-13,FCCL,39.41,39.42,39.60,38.01,39.19,-0.22,-0.56%,"4,872,582"
2026-03-13,MLCF,77.67,77.00,79.60,76.53,78.99,1.32,1.70%,"4,685,506"
2026-03-13,CNERGY,6.91,6.90,7.01,6.82,6.97,0.06,0.87%,"4,264,025"
2026-03-13,SSGC,23.22,23.00,23.98,22.90,23.19,-0.03,-0.13%,"4,160,105"
2026-03-13,NCPL-MAR,65.20,64.85,65.50,63.00,63.58,-1.62,-2.48%,"3,920,500"
2026-03-13,TSPL,8.50,9.40,9.50,8.35,9.50,1.00,11.76%,"3,902,462"
2026-03-13,NBP,243.81,243.00,245.49,240.80,243.27,-0.54,-0.22%,"3,852,296"
2026-03-13,PIBTL,14.09,14.05,14.24,13.77,13.89,-0.20,-1.42%,"3,826,073"
2026-03-13,FABL,81.38,82.09,89.52,82.00,85.68,4.30,5.28%,"3,766,130"
2026-03-13,GDL,20.48,20.38,20.50,19.92,20.07,-0.41,-2.00%,"3,730,243"
2026-03-13,PRL,28.90,28.95,29.95,28.25,29.58,0.68,2.35%,"3,679,477"
2026-03-13,HUBC,199.59,198.01,200.25,193.47,197.98,-1.61,-0.81%,"3,548,637"
2026-03-13,ENGROH,280.99,279.98,287.00,266.50,271.00,-9.99,-3.56%,"3,330,984"
2026-03-13,PAEL,37.92,37.90,38.00,36.25,36.90,-1.02,-2.69%,"3,178,614"
2026-03-13,DGKC,166.27,164.75,170.00,163.15,166.32,0.05,0.03%,"3,044,806"
2026-03-13,PTC,52.64,52.98,53.94,52.02,52.58,-0.06,-0.11%,"2,957,732"
2026-03-13,OGDC,274.81,272.80,276.65,269.00,273.09,-1.72,-0.63%,"2,915,016"
2026-03-13,TELE,7.26,7.12,7.44,7.11,7.34,0.08,1.10%,"2,844,465"
2026-03-13,PPL,210.62,209.48,212.00,206.20,209.50,-1.12,-0.53%,"2,830,883"
2026-03-13,HUMNL,11.65,11.67,12.00,11.41,11.90,0.25,2.15%,"2,779,868"
2026-03-13,TPLP,6.91,6.90,7.09,6.88,6.95,0.04,0.58%,"2,713,585"
2026-03-13,CRTM,46.13,48.85,50.74,46.46,50.74,4.61,9.99%,"2,507,678"
2026-03-13,NPL,69.70,68.16,69.43,67.05,68.19,-1.51,-2.17%,"2,375,001"
2026-03-13,PIAHCLA,21.27,21.05,21.20,20.10,20.65,-0.62,-2.91%,"2,374,337"
2026-03-13,LOTCHEM,22.54,22.60,22.60,21.80,22.29,-0.25,-1.11%,"2,320,970"
2026-03-13,PTC-MAR,52.94,53.00,55.75,52.23,52.78,-0.16,-0.30%,"1,958,000"
2026-03-13,KEL-MAR,7.62,7.60,7.80,7.51,7.59,-0.03,-0.39%,"1,899,500"
2026-03-13,LUCK,366.50,365.00,367.65,350.00,358.85,-7.65,-2.09%,"1,885,853"
2026-03-13,UNITY,8.84,8.84,8.90,8.75,8.85,0.01,0.11%,"1,854,459"
2026-03-13,NPL-MAR,69.87,68.00,69.70,67.00,68.31,-1.56,-2.23%,"1,751,500"
2026-03-13,TRG,47.33,47.00,47.87,46.26,47.25,-0.08,-0.17%,"1,743,199"
2026-03-13,CHBL,7.92,7.97,8.86,7.80,8.45,0.53,6.69%,"1,731,773"
2026-03-13,PIAHCLA-MAR,21.21,21.10,21.25,20.08,20.66,-0.55,-2.59%,"1,656,500"
2026-03-13,MLCF-MAR,77.98,77.69,79.60,76.80,79.11,1.13,1.45%,"1,619,000"
2026-03-13,AKBL,80.74,80.74,82.00,78.10,80.27,-0.47,-0.58%,"1,569,669"
2026-03-13,ASC,9.16,9.17,9.50,8.75,9.02,-0.14,-1.53%,"1,556,914"
2026-03-13,PIBTL-MAR,14.12,14.00,14.10,13.62,13.92,-0.20,-1.42%,"1,532,000"
2026-03-13,TPLP-MAR,6.95,6.99,7.09,6.90,6.94,-0.01,-0.14%,"1,515,000"
2026-03-13,IMAGE-APR,20.40,0.00,0.00,0.00,20.74,0.34,1.67%,"1,500,000"
2026-03-13,FFL,14.62,14.75,14.87,14.50,14.77,0.15,1.03%,"1,482,563"
2026-03-13,PRL-MAR,28.99,28.65,29.88,28.30,29.57,0.58,2.00%,"1,465,000"
2026-03-13,NBP-MAR,243.83,243.00,245.00,240.60,242.68,-1.15,-0.47%,"1,406,000"
2026-03-13,BECO,4.67,4.68,4.75,4.60,4.67,0.00,0.00%,"1,384,349"
2026-03-13,KOSM-APR,4.60,4.60,4.95,4.60,4.85,0.25,5.43%,"1,372,000"
2026-03-13,TELE-MAR,7.27,7.17,7.45,7.15,7.38,0.11,1.51%,"1,278,500"
2026-03-13,CNERGY-MAR,6.93,6.98,7.04,6.85,6.98,0.05,0.72%,"1,187,500"
2026-03-13,TREET,22.31,21.81,22.48,21.80,22.03,-0.28,-1.26%,"1,184,459"
2026-03-13,AGHA,6.54,6.51,6.78,6.46,6.58,0.04,0.61%,"1,160,309"
2026-03-13,TRSM,9.87,10.00,10.87,10.00,10.87,1.00,10.13%,"1,129,339"
2026-03-13,GGL,16.17,16.43,16.44,15.55,15.94,-0.23,-1.42%,"1,119,106"
2026-03-13,SLGL,14.76,14.80,16.00,14.50,15.65,0.89,6.03%,"1,095,287"
2026-03-13,OCTOPUS,30.92,30.92,32.50,30.00,30.70,-0.22,-0.71%,"1,092,122"
2026-03-13,NBP-MARB,210.85,209.00,212.00,207.60,209.37,-1.48,-0.70%,"1,075,500"
2026-03-13,PAEL-MAR,38.13,38.05,38.05,36.30,36.94,-1.19,-3.12%,"1,041,000"
2026-03-13,FFC,504.79,503.99,505.00,496.00,501.02,-3.77,-0.75%,"1,025,062"
2026-03-13,MIIETF,15.68,15.68,15.88,15.36,15.48,-0.20,-1.28%,"1,021,500"
2026-03-13,LOTCHEM-MARB,22.61,22.16,22.19,21.95,22.18,-0.43,-1.90%,"1,019,000"
2026-03-13,PSO,359.91,357.00,361.60,351.00,359.22,-0.69,-0.19%,"1,014,515"
2026-03-13,AGHA-MAR,6.58,6.57,6.79,6.50,6.58,0.00,0.00%,"999,000"
2026-03-13,TRG-MAR,47.61,47.00,48.44,46.95,47.60,-0.01,-0.02%,"982,500"
2026-03-13,SYS,122.14,122.50,123.89,120.02,122.39,0.25,0.20%,"934,332"
2026-03-13,AHCL,13.29,13.42,13.42,13.05,13.14,-0.15,-1.13%,"928,993"
2026-03-13,PASL,2.11,2.22,2.33,2.10,2.28,0.17,8.06%,"922,335"
2026-03-13,HUBC-MARB,200.10,199.90,200.10,194.50,198.17,-1.93,-0.96%,"906,500"
2026-03-13,EPCL,32.43,32.44,33.45,32.10,33.19,0.76,2.34%,"882,308"
2026-03-13,DFML,15.00,14.70,15.18,14.61,14.69,-0.31,-2.07%,"872,247"
2026-03-13,FCCL-MAR,39.50,39.25,39.60,38.15,39.29,-0.21,-0.53%,"855,000"
2026-03-13,ITTEFAQ,6.55,6.74,7.00,6.30,6.82,0.27,4.12%,"831,246"
2026-03-13,PACE,9.36,9.45,9.47,9.03,9.40,0.04,0.43%,"799,208"
2026-03-13,ZUMA,63.16,69.48,69.48,61.15,65.25,2.09,3.31%,"788,946"
2026-03-13,YOUW,3.86,3.81,4.35,3.81,4.27,0.41,10.62%,"783,757"
2026-03-13,PACE-MAR,9.38,9.35,9.50,9.15,9.42,0.04,0.43%,"772,000"
2026-03-13,MDTL,5.06,5.03,5.15,5.02,5.09,0.03,0.59%,"764,160"
2026-03-13,AVN,33.86,33.96,34.37,32.35,32.68,-1.18,-3.48%,"759,984"
2026-03-13,AIRLINK,135.95,136.00,140.75,135.00,139.68,3.73,2.74%,"757,017"
2026-03-13,POWER,17.26,17.10,17.48,17.10,17.27,0.01,0.06%,"752,392"
2026-03-13,TREET-MAR,22.38,22.13,22.50,21.82,22.12,-0.26,-1.16%,"752,000"
2026-03-13,WAVESAPP,7.65,7.79,7.79,7.51,7.73,0.08,1.05%,"748,703"
2026-03-13,SEARL,85.75,86.00,86.40,83.82,85.07,-0.68,-0.79%,"746,893"
2026-03-13,BAFL,115.20,116.00,116.40,113.00,113.71,-1.49,-1.29%,"743,965"
2026-03-13,SSGC-MAR,23.41,23.18,24.00,23.00,23.30,-0.11,-0.47%,"726,500"
2026-03-13,SNGP,92.81,92.00,93.50,90.50,92.36,-0.45,-0.48%,"718,695"
2026-03-13,FABL-MAR,82.00,83.42,90.20,83.42,85.35,3.35,4.09%,"691,500"
2026-03-13,UBL,365.22,365.22,376.00,362.56,371.37,6.15,1.68%,"688,786"
2026-03-13,AMTEX,3.79,3.89,4.11,3.70,3.94,0.15,3.96%,"686,977"
2026-03-13,ATRL,802.39,800.00,830.00,793.00,822.37,19.98,2.49%,"671,243"
2026-03-13,KOHC,77.93,78.98,80.80,76.50,79.52,1.59,2.04%,"657,256"
2026-03-13,NML,141.18,142.00,142.00,138.11,139.76,-1.42,-1.01%,"642,736"
2026-03-13,BAPL,40.00,39.70,40.50,37.00,37.07,-2.93,-7.32%,"642,490"
2026-03-13,WASLR,0.13,0.11,0.14,0.11,0.14,0.01,7.69%,"633,719"
2026-03-13,HBL,279.26,279.26,281.00,275.00,278.60,-0.66,-0.24%,"627,180"
2026-03-13,OGDC-MARB,275.63,274.00,277.00,270.03,274.13,-1.50,-0.54%,"625,500"
2026-03-13,DGKC-MAR,166.67,164.50,169.90,164.00,166.64,-0.03,-0.02%,"622,500"
2026-03-13,FATIMA,133.02,133.20,134.80,129.95,131.05,-1.97,-1.48%,"621,942"
2026-03-13,FFL-MAR,14.68,14.65,14.84,14.60,14.77,0.09,0.61%,"621,000"
2026-03-13,UNITY-MAR,8.86,8.70,8.99,8.70,8.84,-0.02,-0.23%,"598,000"
2026-03-13,AICL,76.38,74.00,77.97,71.30,75.31,-1.07,-1.40%,"586,077"
2026-03-13,KAPCO,27.62,27.91,27.91,26.26,27.38,-0.24,-0.87%,"573,163"
2026-03-13,PPL-MARB,211.07,210.00,212.10,207.00,210.07,-1.00,-0.47%,"570,500"
2026-03-13,MCB,361.33,361.50,368.00,357.51,363.10,1.77,0.49%,"561,101"
2026-03-13,PAKQATAR,16.99,16.91,18.69,16.51,17.27,0.28,1.65%,"541,527"
2026-03-13,MARI,608.75,606.10,616.90,604.50,613.62,4.87,0.80%,"538,257"
2026-03-13,EFERT,207.79,206.63,212.44,206.00,207.63,-0.16,-0.08%,"538,080"
2026-03-13,GCIL,29.56,29.48,29.90,28.70,29.34,-0.22,-0.74%,"531,604"
2026-03-13,TBL,8.89,8.99,8.99,8.83,8.87,-0.02,-0.22%,"531,038"
2026-03-13,WAVES,9.37,9.51,9.60,9.30,9.37,0.00,0.00%,"515,926"
2026-03-13,ASTL,15.20,15.04,15.67,15.04,15.56,0.36,2.37%,"506,753"
2026-03-13,SNBL,19.37,19.49,19.49,18.85,19.01,-0.36,-1.86%,"505,298"
2026-03-13,TOMCL,31.85,31.55,32.19,31.35,31.79,-0.06,-0.19%,"504,639"
2026-03-13,786,43.38,43.41,47.72,43.38,47.72,4.34,10.00%,"490,440"
2026-03-13,MZNPETF,19.08,19.09,19.09,18.65,18.86,-0.22,-1.15%,"487,500"
2026-03-13,MEBL,447.48,447.48,450.00,440.05,444.72,-2.76,-0.62%,"453,980"
2026-03-13,DCL,7.49,7.40,7.62,7.02,7.49,0.00,0.00%,"445,111"
2026-03-13,ENGROH-MAR,279.15,276.00,283.50,266.00,269.63,-9.52,-3.41%,"443,000"
2026-03-13,NETSOL,106.62,104.00,105.79,102.22,104.02,-2.60,-2.44%,"439,483"
2026-03-13,FDPL,4.00,4.00,4.34,4.00,4.22,0.22,5.50%,"439,033"
2026-03-13,NRL,331.96,326.01,334.15,323.01,332.37,0.41,0.12%,"431,629"
2026-03-13,GCWL,16.97,17.00,17.35,16.50,16.91,-0.06,-0.35%,"424,142"
2026-03-13,AKBL-MARB,81.19,81.00,81.00,79.00,80.94,-0.25,-0.31%,"420,500"
2026-03-13,AGL,48.83,46.51,53.57,46.51,52.41,3.58,7.33%,"420,265"
2026-03-13,FCL,20.76,20.76,20.96,20.40,20.65,-0.11,-0.53%,"382,338"
2026-03-13,ATRL-MARB,804.05,797.05,829.90,797.05,821.84,17.79,2.21%,"368,500"
2026-03-13,NRL-MAR,332.43,329.99,335.00,325.01,333.00,0.57,0.17%,"363,500"
2026-03-13,ZAL,40.04,39.25,40.40,38.01,39.74,-0.30,-0.75%,"362,087"
2026-03-13,BIPL,26.21,26.10,26.89,26.00,26.33,0.12,0.46%,"359,218"
2026-03-13,WTL-MAR,1.25,1.26,1.26,1.24,1.24,-0.01,-0.80%,"351,000"
2026-03-13,BML,59.08,59.45,64.50,59.45,60.76,1.68,2.84%,"343,956"
2026-03-13,HBL-MAR,280.00,280.00,280.00,277.55,279.05,-0.95,-0.34%,"332,500"
2026-03-13,THCCL,50.30,50.30,51.30,50.01,50.87,0.57,1.13%,"327,617"
2026-03-13,SEARL-MAR,86.13,86.06,86.80,84.11,85.26,-0.87,-1.01%,"320,000"
2026-03-13,ICIBL,3.76,3.78,3.88,3.55,3.66,-0.10,-2.66%,"318,372"
2026-03-13,TSBL,1.70,1.79,1.79,1.67,1.71,0.01,0.59%,"315,021"
2026-03-13,QTECH,30.77,31.25,33.85,31.25,33.85,3.08,10.01%,"314,361"
2026-03-13,NETSOL-MAR,107.07,104.06,106.00,103.50,104.52,-2.55,-2.38%,"314,000"
2026-03-13,QUICE,22.53,22.55,23.00,21.60,22.29,-0.24,-1.07%,"311,518"
2026-03-13,AICL-MAR,77.94,77.90,77.90,72.10,76.76,-1.18,-1.51%,"306,000"
2026-03-13,EPCL-MAR,32.57,32.87,33.40,32.22,33.20,0.63,1.93%,"301,500"
2026-03-13,PSO-MAR,360.82,358.00,361.90,351.61,359.75,-1.07,-0.30%,"298,500"
2026-03-13,AIRLINK-MAR,136.27,133.65,141.00,133.65,140.03,3.76,2.76%,"297,000"
2026-03-13,CSAP,84.83,84.50,85.99,80.75,81.50,-3.33,-3.93%,"295,834"
2026-03-13,BAFL-MAR,115.50,114.80,114.80,113.05,114.74,-0.76,-0.66%,"286,500"
2026-03-13,TPL,7.10,7.05,7.24,6.89,6.98,-0.12,-1.69%,"283,159"
2026-03-13,TPLL,18.34,19.50,19.50,19.25,18.34,0.00,0.00%,"275,285"
2026-03-13,EPQL,25.47,25.47,25.49,25.16,25.43,-0.04,-0.16%,"271,186"
2026-03-13,MUGHAL,71.72,71.90,73.99,70.01,71.44,-0.28,-0.39%,"267,051"
2026-03-13,GLAXO,323.06,326.00,330.00,318.00,319.43,-3.63,-1.12%,"266,194"
2026-03-13,AVN-MAR,34.00,33.88,34.30,32.35,32.81,-1.19,-3.50%,"259,500"
2026-03-13,LSEVL,6.98,6.90,7.09,6.66,7.00,0.02,0.29%,"256,912"
2026-03-13,IML,22.76,23.80,25.04,23.60,24.77,2.01,8.83%,"256,568"
2026-03-13,GCIL-MAR,29.94,29.70,30.99,28.71,29.46,-0.48,-1.60%,"256,000"
2026-03-13,SYM,9.90,9.80,9.80,9.27,9.72,-0.18,-1.82%,"254,357"
2026-03-13,PREMA,26.69,26.70,27.00,26.12,26.50,-0.19,-0.71%,"252,888"
2026-03-13,AGL-MAR,48.22,48.20,53.00,48.20,52.38,4.16,8.63%,"246,500"
2026-03-13,HUMNL-MAR,11.64,11.50,11.89,11.50,11.79,0.15,1.29%,"243,500"
2026-03-13,BAHL,153.42,155.00,155.00,148.00,153.34,-0.08,-0.05%,"238,519"
2026-03-13,FCSC,3.93,4.00,4.05,3.81,4.00,0.07,1.78%,"231,853"
2026-03-13,DCL-MAR,7.51,7.14,7.59,7.14,7.50,-0.01,-0.13%,"231,000"
2026-03-13,LSECL,5.47,5.40,5.53,5.37,5.44,-0.03,-0.55%,"224,569"
2026-03-13,IMS,15.42,15.50,16.50,15.50,15.99,0.57,3.70%,"221,929"
2026-03-13,LOADS,12.38,12.30,12.59,12.30,12.42,0.04,0.32%,"214,631"
2026-03-13,PAKRI,17.15,17.42,18.00,17.02,17.54,0.39,2.27%,"207,406"
2026-03-13,PIOC,222.12,222.97,228.90,219.00,225.78,3.66,1.65%,"206,542"
2026-03-13,MACFL,21.53,22.59,22.59,20.50,21.32,-0.21,-0.98%,"204,921"
2026-03-13,ACPL,267.00,265.01,266.99,265.01,265.64,-1.36,-0.51%,"204,178"
2026-03-13,CEPB,28.89,28.67,28.90,27.90,28.40,-0.49,-1.70%,"203,622"
2026-03-13,BFMOD,22.50,22.03,22.70,20.25,20.25,-2.25,-10.00%,"201,911"
2026-03-13,AGP,203.89,204.00,204.00,194.00,195.98,-7.91,-3.88%,"201,674"
2026-03-13,POL,623.58,625.02,629.34,620.00,621.56,-2.02,-0.32%,"191,692"
2026-03-13,PKGI,34.22,31.25,33.49,30.80,32.10,-2.12,-6.20%,"185,084"
2026-03-13,IREIT,8.30,8.50,8.50,7.90,8.20,-0.10,-1.20%,"182,472"
2026-03-13,WAVES-MAR,9.44,9.48,9.50,9.31,9.38,-0.06,-0.64%,"182,000"
2026-03-13,ITANZ,40.73,42.75,44.80,39.11,42.35,1.62,3.98%,"179,690"
2026-03-13,CPHL,74.95,74.95,75.60,74.00,75.05,0.10,0.13%,"174,337"
2026-03-13,THCCL-MAR,50.84,50.49,52.50,50.15,51.10,0.26,0.51%,"162,500"
2026-03-13,SKRS,20.30,20.00,21.00,19.80,20.92,0.62,3.05%,"158,901"
2026-03-13,ASL,9.75,9.74,9.74,9.55,9.63,-0.12,-1.23%,"152,204"
2026-03-13,FABL-MARB,79.86,86.00,86.00,83.00,83.50,3.64,4.56%,"152,000"
2026-03-13,BNL,8.16,8.38,8.38,8.05,8.31,0.15,1.84%,"143,228"
2026-03-13,AKDSL,33.25,32.51,33.70,31.99,32.24,-1.01,-3.04%,"142,633"
2026-03-13,SPWL,8.91,9.05,9.17,8.91,9.06,0.15,1.68%,"142,263"
2026-03-13,FML,40.00,41.49,41.49,36.00,37.42,-2.58,-6.45%,"142,244"
2026-03-13,DCR,35.41,36.00,36.00,35.01,35.59,0.18,0.51%,"137,816"
2026-03-13,MERIT,7.57,7.50,7.94,7.40,7.62,0.05,0.66%,"137,658"
2026-03-13,PREMA-MAR,26.76,26.59,26.65,26.26,26.53,-0.23,-0.86%,"137,000"
2026-03-13,NML-MAR,141.85,139.26,142.36,138.62,140.18,-1.67,-1.18%,"135,500"
2026-03-13,DOL,27.87,28.00,28.00,27.00,27.28,-0.59,-2.12%,"134,349"
2026-03-13,SYS-MAR,122.19,121.29,123.69,118.50,122.54,0.35,0.29%,"130,000"
2026-03-13,UNIC,15.04,15.06,15.40,14.88,15.16,0.12,0.80%,"128,351"
2026-03-13,WAVESAPP-MAR,7.65,7.74,7.79,7.55,7.75,0.10,1.31%,"127,500"
2026-03-13,ASL-MAR,9.51,9.60,9.60,9.30,9.51,0.00,0.00%,"127,000"
2026-03-13,JVDC,102.86,100.50,104.90,100.00,102.75,-0.11,-0.11%,"125,261"
2026-03-13,BLUEX,6.50,6.69,6.69,6.00,6.34,-0.16,-2.46%,"124,516"
2026-03-13,ISL,76.97,77.00,78.49,74.00,75.06,-1.91,-2.48%,"121,795"
2026-03-13,GGGL,7.58,7.70,7.70,7.40,7.51,-0.07,-0.92%,"118,352"
2026-03-13,SGPL,15.44,15.67,15.67,14.25,14.42,-1.02,-6.61%,"116,791"
2026-03-13,SNGP-MAR,94.05,92.50,93.11,90.89,91.97,-2.08,-2.21%,"116,000"
2026-03-13,KTML,46.65,48.47,50.00,42.11,47.24,0.59,1.26%,"114,607"
2026-03-13,HIRAT,3.14,2.95,3.40,2.95,3.37,0.23,7.32%,"109,387"
2026-03-13,BBFL,36.26,36.49,36.80,36.12,36.61,0.35,0.97%,"108,683"
2026-03-13,DSIL,6.36,6.36,6.66,6.21,6.56,0.20,3.14%,"105,738"
2026-03-13,AGSML,6.69,6.70,6.82,6.40,6.60,-0.09,-1.35%,"105,124"
2026-03-13,GHNI,684.41,685.00,690.00,678.10,680.23,-4.18,-0.61%,"104,938"
2026-03-13,SAZEW,"1,871.08","1,851.00","1,880.30","1,801.11","1,842.55",-28.53,-1.52%,"104,934"
2026-03-13,BFAGRO,34.00,33.75,34.90,33.01,33.70,-0.30,-0.88%,"102,554"
2026-03-13,WASL,4.27,4.28,4.47,4.27,4.39,0.12,2.81%,"101,070"
2026-03-13,LUCK-MAR,367.75,360.06,367.10,352.30,359.45,-8.30,-2.26%,"101,000"
2026-03-13,ALTN,8.55,8.50,8.89,8.50,8.73,0.18,2.11%,"100,794"
2026-03-13,MUREB,847.59,812.50,853.86,812.01,836.97,-10.62,-1.25%,"100,271"
2026-03-13,POWER-MAR,17.33,17.40,17.50,17.11,17.34,0.01,0.06%,"97,500"
2026-03-13,PAKD,122.13,129.00,134.34,122.50,133.80,11.67,9.56%,"94,764"
2026-03-13,UBDL,24.42,22.41,26.50,22.25,23.30,-1.12,-4.59%,"94,433"
2026-03-13,CLOV,55.74,56.99,57.70,53.75,57.45,1.71,3.07%,"93,346"
2026-03-13,MUGHAL-MAR,71.86,72.02,73.54,70.00,71.62,-0.24,-0.33%,"93,000"
2026-03-13,HBL-MARB,274.92,273.99,273.99,273.99,273.99,-0.93,-0.34%,"91,500"
2026-03-13,SYM-MAR,9.93,9.35,9.78,9.35,9.73,-0.20,-2.01%,"83,500"
2026-03-13,TPLT,9.30,9.30,9.65,9.25,9.45,0.15,1.61%,"82,045"
2026-03-13,PQGTL,11.54,11.33,11.60,11.15,11.39,-0.15,-1.30%,"80,804"
2026-03-13,IMAGE,20.05,20.06,20.99,20.05,20.41,0.36,1.80%,"78,338"
2026-03-13,BAHL-MARB,154.59,152.50,152.50,152.50,152.50,-2.09,-1.35%,"74,000"
2026-03-13,CPHL-MAR,75.17,75.25,75.65,74.30,75.07,-0.10,-0.13%,"72,500"
2026-03-13,BIFO,106.48,106.24,106.24,102.85,104.99,-1.49,-1.40%,"71,601"
2026-03-13,TOMCL-MAR,32.02,31.64,32.20,31.40,31.83,-0.19,-0.59%,"71,500"
2026-03-13,PSX,35.82,35.50,36.50,35.30,36.08,0.26,0.73%,"68,997"
2026-03-13,DEL,15.88,15.50,16.45,15.00,15.43,-0.45,-2.83%,"68,305"
2026-03-13,FTSM,14.42,15.00,15.86,14.70,15.86,1.44,9.99%,"67,903"
2026-03-13,KOIL,61.14,60.28,61.99,59.90,60.21,-0.93,-1.52%,"67,546"
2026-03-13,ESBL,13.73,13.89,14.49,13.05,14.13,0.40,2.91%,"64,929"
2026-03-13,MWMP,50.45,55.40,55.50,55.00,55.49,5.04,9.99%,"62,752"
2026-03-13,STPL,6.22,6.21,6.46,6.21,6.39,0.17,2.73%,"60,989"
2026-03-13,GWLC,44.13,44.87,45.00,43.50,43.91,-0.22,-0.50%,"58,818"
2026-03-13,ILP,77.65,79.00,79.00,76.01,78.13,0.48,0.62%,"57,701"
2026-03-13,GTYR,23.96,23.95,24.48,23.61,24.06,0.10,0.42%,"57,676"
2026-03-13,ABL,170.78,170.79,171.73,160.10,170.91,0.13,0.08%,"57,507"
2026-03-13,HCAR,164.94,164.74,167.50,163.00,166.04,1.10,0.67%,"57,239"
2026-03-13,FCEPL,72.68,73.00,73.74,71.56,73.35,0.67,0.92%,"56,812"
2026-03-13,BAFL-MARB,114.00,113.00,113.00,112.00,112.00,-2.00,-1.75%,"56,500"
2026-03-13,ANL,8.40,8.40,8.85,8.30,8.46,0.06,0.71%,"56,292"
2026-03-13,NATF,347.46,354.00,354.00,326.00,343.86,-3.60,-1.04%,"52,911"
2026-03-13,MEBL-MAR,448.86,450.00,450.00,438.52,444.49,-4.37,-0.97%,"52,500"
2026-03-13,BFBIO,139.40,140.90,140.90,137.50,138.11,-1.29,-0.93%,"51,714"
2026-03-13,BIPL-MAR,26.20,26.30,26.40,25.01,25.83,-0.37,-1.41%,"50,000"
2026-03-13,CHCC,249.52,249.49,250.00,240.00,243.71,-5.81,-2.33%,"48,700"
2026-03-13,FECTC,92.74,92.74,94.00,91.00,93.07,0.33,0.36%,"48,370"
2026-03-13,KOHP,22.48,22.99,23.80,21.70,23.41,0.93,4.14%,"47,409"
2026-03-13,GUSM,6.18,5.46,6.68,5.46,6.37,0.19,3.07%,"47,074"
2026-03-13,TGL,134.78,135.95,139.43,134.00,137.93,3.15,2.34%,"45,875"
2026-03-13,GHGL,30.88,30.90,31.50,30.42,31.18,0.30,0.97%,"45,819"
2026-03-13,GGL-MAR,16.27,16.46,16.46,15.77,16.04,-0.23,-1.41%,"43,500"
2026-03-13,GEMSPNL,75.85,75.90,78.01,74.50,77.97,2.12,2.79%,"43,327"
2026-03-13,SRR,16.15,16.06,16.18,16.06,16.14,-0.01,-0.06%,"43,169"
2026-03-13,DWTM,9.33,8.50,9.98,8.50,8.99,-0.34,-3.64%,"42,680"
2026-03-13,IBLHL,41.95,41.65,42.44,40.96,41.24,-0.71,-1.69%,"42,559"
2026-03-13,SPEL,36.32,36.30,37.00,36.10,36.74,0.42,1.16%,"42,520"
2026-03-13,FFC-MARB,507.03,505.00,505.00,498.00,502.81,-4.22,-0.83%,"41,000"
2026-03-13,HMB,113.98,113.98,116.00,112.20,114.00,0.02,0.02%,"40,604"
2026-03-13,OBOY,8.56,8.56,8.78,8.52,8.59,0.03,0.35%,"40,254"
2026-03-13,ECOP,38.50,38.25,39.70,38.19,39.16,0.66,1.71%,"38,495"
2026-03-13,APL,544.87,545.00,545.00,532.10,536.01,-8.86,-1.63%,"37,449"
2026-03-13,EFERT-MAR,207.53,209.00,209.00,205.66,206.88,-0.65,-0.31%,"37,000"
2026-03-13,NCL,35.29,35.00,35.00,34.10,34.33,-0.96,-2.72%,"36,909"
2026-03-13,BOP-APR,28.00,28.10,28.10,27.15,27.40,-0.60,-2.14%,"35,000"
2026-03-13,GFIL,13.73,12.75,15.10,12.75,15.10,1.37,9.98%,"34,662"
2026-03-13,BOP-APRB,26.68,27.00,27.00,26.90,26.90,0.22,0.82%,"34,000"
2026-03-13,PNSC,446.05,454.99,454.99,420.00,437.33,-8.72,-1.95%,"33,312"
2026-03-13,HINOON,898.08,885.02,900.00,870.00,898.92,0.84,0.09%,"32,960"
2026-03-13,DFSM,4.85,4.70,5.15,4.66,4.99,0.14,2.89%,"32,278"
2026-03-13,GAL,384.10,384.00,388.00,376.10,381.00,-3.10,-0.81%,"32,218"
2026-03-13,MSOT,51.00,51.00,56.00,49.01,53.85,2.85,5.59%,"31,572"
2026-03-13,FCEPL-MAR,73.65,72.60,73.56,72.60,73.33,-0.32,-0.43%,"31,500"
2026-03-13,MEBL-MARB,443.00,445.00,445.00,438.00,443.71,0.71,0.16%,"31,500"
2026-03-13,JGICL,72.28,74.25,74.25,72.00,72.00,-0.28,-0.39%,"30,463"
2026-03-13,SGF,89.45,89.02,90.87,88.51,89.28,-0.17,-0.19%,"29,515"
2026-03-13,UBLPETF,36.79,36.61,36.66,36.00,36.31,-0.48,-1.30%,"29,500"
2026-03-13,LIVEN,35.62,36.00,36.90,34.10,36.17,0.55,1.54%,"28,856"
2026-03-13,HALEON,725.14,725.00,725.00,704.00,719.86,-5.28,-0.73%,"27,638"
2026-03-13,HRPL,17.80,17.50,17.99,17.00,17.64,-0.16,-0.90%,"27,291"
2026-03-13,SBL,10.97,10.73,11.00,10.70,10.89,-0.08,-0.73%,"27,126"
2026-03-13,AGIC,33.00,32.99,34.00,32.10,32.47,-0.53,-1.61%,"27,076"
2026-03-13,CLCPS,2.60,2.66,2.77,2.59,2.73,0.13,5.00%,"26,580"
2026-03-13,SINDM,18.87,19.60,19.69,18.86,19.50,0.63,3.34%,"26,023"
2026-03-13,SHDTR1,1.01,2.01,2.01,2.01,2.01,1.00,99.01%,"25,941"
2026-03-13,JSCL,18.00,18.50,18.50,17.82,18.40,0.40,2.22%,"25,354"
2026-03-13,CTM,5.45,5.26,5.76,5.26,5.55,0.10,1.83%,"25,182"
2026-03-13,CSAP-MARB,84.00,84.35,84.35,81.90,81.98,-2.02,-2.40%,"25,000"
2026-03-13,JSGBETF,35.84,35.64,36.14,35.19,35.82,-0.02,-0.06%,"25,000"
2026-03-13,GATM,19.01,18.98,18.98,18.70,18.88,-0.13,-0.68%,"24,804"
2026-03-13,MTL,497.23,498.00,499.97,495.00,496.57,-0.66,-0.13%,"24,436"
2026-03-13,PICT,26.29,26.98,26.98,26.01,26.43,0.14,0.53%,"24,001"
2026-03-13,GRR,19.70,19.70,19.79,19.14,19.51,-0.19,-0.96%,"23,279"
2026-03-13,NRSL,23.40,23.49,23.70,23.49,23.52,0.12,0.51%,"22,347"
2026-03-13,TPLRF1,8.88,9.45,9.45,8.40,8.51,-0.37,-4.17%,"21,767"
2026-03-13,KML,8.30,8.12,8.49,8.11,8.41,0.11,1.33%,"21,620"
2026-03-13,ADMM,46.63,45.15,47.79,45.15,47.53,0.90,1.93%,"21,587"
2026-03-13,ICCI,9.75,9.51,9.60,8.90,9.07,-0.68,-6.97%,"20,939"
2026-03-13,BGL,9.04,9.29,9.29,9.00,9.23,0.19,2.10%,"20,719"
2026-03-13,ARUJ,9.59,9.58,9.58,8.61,8.67,-0.92,-9.59%,"20,651"
2026-03-13,FATIMA-MAR,133.82,134.00,134.00,130.10,131.45,-2.37,-1.77%,"20,000"
2026-03-13,MEBL-APR,447.66,447.66,447.66,440.00,443.45,-4.21,-0.94%,"20,000"
2026-03-13,MEBL-APRB,455.20,455.00,455.00,455.00,455.00,-0.20,-0.04%,"20,000"
2026-03-13,PABC,95.11,94.98,97.00,92.00,93.28,-1.83,-1.92%,"19,759"
2026-03-13,NITGETF,33.60,33.50,33.50,33.10,33.40,-0.20,-0.60%,"19,500"
2026-03-13,GLPL,700.00,700.00,701.10,700.00,700.01,0.01,0.00%,"19,269"
2026-03-13,SCBPL,68.06,68.50,69.99,67.00,69.27,1.21,1.78%,"19,191"
2026-03-13,JSIL,38.86,35.12,39.00,35.10,38.90,0.04,0.10%,"18,954"
2026-03-13,THALL,582.71,580.01,585.00,565.00,580.02,-2.69,-0.46%,"17,134"
2026-03-13,AHL,85.84,81.11,87.40,81.11,85.00,-0.84,-0.98%,"17,017"
2026-03-13,EFERT-MARB,205.66,204.00,206.98,204.00,205.49,-0.17,-0.08%,"17,000"
2026-03-13,RPL,13.61,13.70,13.91,13.52,13.66,0.05,0.37%,"16,542"
2026-03-13,MIRKS,25.00,25.40,25.50,25.00,25.00,0.00,0.00%,"15,911"
2026-03-13,ICL,118.00,119.00,123.00,112.50,120.55,2.55,2.16%,"15,239"
2026-03-13,UBL-MAR,367.00,368.00,375.99,368.00,374.50,7.50,2.04%,"15,000"
2026-03-13,SLYT,12.03,11.98,12.00,11.70,11.82,-0.21,-1.75%,"14,928"
2026-03-13,ABOT,852.10,869.90,937.00,821.00,846.12,-5.98,-0.70%,"14,556"
2026-03-13,PTL,48.53,48.50,48.50,47.50,48.49,-0.04,-0.08%,"14,132"
2026-03-13,JDMT,68.00,72.75,74.75,70.10,70.20,2.20,3.24%,"13,547"
2026-03-13,SLGL-MAR,14.73,14.70,15.74,14.60,14.94,0.21,1.43%,"13,500"
2026-03-13,SHNI,8.60,8.10,8.99,8.00,8.39,-0.21,-2.44%,"13,163"
2026-03-13,KOHE,13.77,14.36,14.36,13.55,13.89,0.12,0.87%,"12,920"
2026-03-13,TRIPF,129.19,138.99,138.99,125.00,129.69,0.50,0.39%,"12,914"
2026-03-13,LPL,18.81,18.81,19.13,18.11,18.49,-0.32,-1.70%,"12,825"
2026-03-13,KAPCO-MARB,27.58,27.00,27.50,27.00,27.50,-0.08,-0.29%,"12,500"
2026-03-13,TCORPCPS,20.15,20.05,22.10,18.14,18.14,-2.01,-9.98%,"12,430"
2026-03-13,ALAC,11.37,11.44,11.45,11.10,11.40,0.03,0.26%,"12,226"
2026-03-13,JSML,52.65,53.50,56.74,50.11,55.32,2.67,5.07%,"12,142"
2026-03-13,GATI,77.18,77.51,77.51,76.00,76.77,-0.41,-0.53%,"12,013"
2026-03-13,BRRG,38.77,39.30,39.44,38.61,38.61,-0.16,-0.41%,"11,740"
2026-03-13,HTL,36.81,37.79,37.89,36.13,36.97,0.16,0.43%,"11,696"
2026-03-13,TCORP,27.19,26.10,28.99,25.90,27.81,0.62,2.28%,"11,687"
2026-03-13,BML-MARB,59.61,64.00,64.00,61.50,61.60,1.99,3.34%,"11,500"
2026-03-13,PIL,3.43,3.85,3.85,3.54,3.62,0.19,5.54%,"11,441"
2026-03-13,TSMF,14.89,13.45,14.40,13.40,13.42,-1.47,-9.87%,"11,402"
2026-03-13,ZAHID,38.27,39.78,39.78,37.00,38.27,0.00,0.00%,"11,251"
2026-03-13,EFUL,149.75,150.10,153.49,149.76,150.00,0.25,0.17%,"11,004"
2026-03-13,GAL-MAR,386.22,386.00,386.00,378.11,384.96,-1.26,-0.33%,"11,000"
2026-03-13,ARPL,348.00,325.05,344.79,325.05,335.08,-12.92,-3.71%,"10,708"
2026-03-13,EFERT-APR,213.00,200.00,200.00,200.00,200.00,-13.00,-6.10%,"10,500"
2026-03-13,FLYNG,45.06,44.01,46.33,44.01,44.12,-0.94,-2.09%,"10,149"
2026-03-13,HGFA,14.63,15.70,15.70,13.50,13.99,-0.64,-4.37%,"10,106"
2026-03-13,GHNI-MAR,686.73,686.00,692.00,680.03,681.05,-5.68,-0.83%,"10,000"
2026-03-13,MARI-MARB,610.64,609.00,617.00,606.00,615.40,4.76,0.78%,"10,000"
2026-03-13,TPLI,22.00,22.97,22.97,22.60,22.00,0.00,0.00%,"9,901"
2026-03-13,CENI,59.01,59.99,61.00,58.55,60.88,1.87,3.17%,"9,796"
2026-03-13,PAKT,"1,276.11","1,289.90","1,320.00","1,251.00","1,295.76",19.65,1.54%,"9,737"
2026-03-13,KSBP,190.10,190.00,193.80,190.00,190.80,0.70,0.37%,"9,690"
2026-03-13,PKGP,40.90,40.48,41.98,38.37,40.27,-0.63,-1.54%,"9,508"
2026-03-13,IPAK,25.07,25.00,25.50,25.00,25.00,-0.07,-0.28%,"9,257"
2026-03-13,PINL,6.80,6.70,7.14,6.58,6.95,0.15,2.21%,"9,102"
2026-03-13,UDLI,16.73,16.72,16.98,16.30,16.31,-0.42,-2.51%,"8,714"
2026-03-13,UVIC,20.82,20.00,20.90,19.01,19.50,-1.32,-6.34%,"8,467"
2026-03-13,BWCL,442.01,439.00,444.44,439.00,440.02,-1.99,-0.45%,"8,408"
2026-03-13,AMBL,22.97,23.50,24.99,22.10,23.13,0.16,0.70%,"8,331"
2026-03-13,BWHL,172.78,171.95,175.85,171.95,174.09,1.31,0.76%,"8,207"
2026-03-13,LCI,225.89,225.90,227.98,223.00,225.43,-0.46,-0.20%,"8,087"
2026-03-13,FLYNG-MAR,45.17,46.00,46.00,44.01,44.59,-0.58,-1.28%,"8,000"
2026-03-13,MACTER,298.44,298.80,300.00,290.10,298.82,0.38,0.13%,"7,870"
2026-03-13,AGIL,133.96,134.90,137.00,134.90,135.36,1.40,1.05%,"7,819"
2026-03-13,UCAPM,4.11,4.28,4.28,4.01,4.20,0.09,2.19%,"7,443"
2026-03-13,ISL-MARB,77.44,76.97,77.00,76.55,76.55,-0.89,-1.15%,"7,000"
2026-03-13,NBPGETF,28.50,28.62,28.62,28.30,28.55,0.05,0.18%,"7,000"
2026-03-13,SEPL,141.32,141.24,144.00,140.04,140.86,-0.46,-0.33%,"6,907"
2026-03-13,BCL,57.53,57.49,58.99,56.11,57.77,0.24,0.42%,"6,843"
2026-03-13,AGTL,320.90,323.97,323.97,315.00,319.44,-1.46,-0.45%,"6,826"
2026-03-13,DADX,59.12,55.02,57.00,53.25,55.99,-3.13,-5.29%,"6,626"
2026-03-13,NEXT,12.05,12.42,12.91,11.27,12.47,0.42,3.49%,"6,600"
2026-03-13,FFLM,5.91,6.19,6.70,5.40,6.50,0.59,9.98%,"6,415"
2026-03-13,HWQS,17.20,17.00,17.30,16.12,16.53,-0.67,-3.90%,"6,400"
2026-03-13,MRNS,57.99,57.98,57.98,57.00,57.00,-0.99,-1.71%,"6,196"
2026-03-13,ACIETF,15.35,15.45,15.45,15.20,15.26,-0.09,-0.59%,"6,000"
2026-03-13,FPJM,6.14,6.17,6.29,6.17,6.25,0.11,1.79%,"5,963"
2026-03-13,INDU,"1,820.07","1,819.99","1,819.99","1,785.01","1,791.09",-28.98,-1.59%,"5,959"
2026-03-13,GSPM,4.20,4.00,4.22,4.00,4.00,-0.20,-4.76%,"5,900"
2026-03-13,PCAL,149.76,156.84,156.84,148.00,151.08,1.32,0.88%,"5,711"
2026-03-13,CHAS,62.01,62.10,63.95,58.00,59.75,-2.26,-3.64%,"5,695"
2026-03-13,ALNRS,120.50,125.00,125.00,113.00,122.00,1.50,1.24%,"5,684"
2026-03-13,TOWL,114.95,119.90,119.90,112.00,114.66,-0.29,-0.25%,"5,640"
2026-03-13,KOHC-MAR,79.00,78.15,82.00,77.10,79.84,0.84,1.06%,"5,500"
2026-03-13,PPVC,14.01,13.01,14.80,12.75,14.01,0.00,0.00%,"5,470"
2026-03-13,UDPL,111.24,111.24,119.89,107.25,112.69,1.45,1.30%,"5,470"
2026-03-13,SAIF,26.48,26.15,27.50,25.27,26.00,-0.48,-1.81%,"5,228"
2026-03-13,MCBIM,197.99,191.01,203.69,189.05,192.17,-5.82,-2.94%,"5,174"
2026-03-13,ATIL,73.74,73.89,74.99,72.05,74.35,0.61,0.83%,"5,001"
2026-03-13,SSOM,500.88,500.88,502.99,485.00,490.33,-10.55,-2.11%,"4,995"
2026-03-13,JSBL,12.68,13.85,13.85,12.45,12.75,0.07,0.55%,"4,965"
2026-03-13,LEUL,32.48,29.50,30.01,29.24,29.24,-3.24,-9.98%,"4,817"
2026-03-13,BOK,34.04,34.79,34.87,32.02,34.38,0.34,1.00%,"4,615"
2026-03-13,PASM,4.98,4.71,4.71,4.04,4.65,-0.33,-6.63%,"4,613"
2026-03-13,INIL,139.84,141.00,144.00,138.00,139.91,0.07,0.05%,"4,602"
2026-03-13,KHTC,277.00,281.99,293.00,276.00,290.05,13.05,4.71%,"4,585"
2026-03-13,SHDT,39.96,40.94,40.98,40.12,40.95,0.99,2.48%,"4,528"
2026-03-13,IMAGE-MAR,20.60,20.36,20.50,20.26,20.50,-0.10,-0.49%,"4,500"
2026-03-13,RUPL,32.61,29.50,29.50,29.35,29.40,-3.21,-9.84%,"4,422"
2026-03-13,FHAM,29.03,29.03,29.99,29.03,29.06,0.03,0.10%,"4,375"
2026-03-13,TATM,103.80,106.99,106.99,96.00,101.96,-1.84,-1.77%,"4,119"
2026-03-13,CPPL,70.10,70.10,73.40,70.10,72.47,2.37,3.38%,"4,113"
2026-03-13,GAMON,15.44,14.50,15.99,14.50,15.57,0.13,0.84%,"4,093"
2026-03-13,GLAXO-MAR,325.00,321.00,321.00,318.00,319.67,-5.33,-1.64%,"4,000"
2026-03-13,CLVL,12.15,12.59,12.99,12.00,12.96,0.81,6.67%,"3,732"
2026-03-13,ELCM,189.35,172.72,176.99,170.42,170.52,-18.83,-9.94%,"3,696"
2026-03-13,SHFA,486.92,480.00,485.00,470.00,470.90,-16.02,-3.29%,"3,552"
2026-03-13,FDPL-MAR,4.02,4.18,4.24,4.18,4.23,0.21,5.22%,"3,500"
2026-03-13,GATM-MAR,19.15,19.02,19.02,18.82,18.82,-0.33,-1.72%,"3,500"
2026-03-13,SAZEW-MARB,"1,875.17","1,870.00","1,880.00","1,854.39","1,854.89",-20.28,-1.08%,"3,500"
2026-03-13,SNBL-MARB,19.71,19.02,19.21,19.00,19.21,-0.50,-2.54%,"3,500"
2026-03-13,SERT,27.49,27.45,27.45,25.10,26.12,-1.37,-4.98%,"3,204"
2026-03-13,IGIHL,194.87,189.00,197.70,189.00,195.10,0.23,0.12%,"3,130"
2026-03-13,SMCPL,38.06,39.98,39.98,38.01,38.54,0.48,1.26%,"3,113"
2026-03-13,FECM,15.97,15.20,16.70,15.20,16.55,0.58,3.63%,"3,097"
2026-03-13,SEL,26.49,27.00,27.00,24.64,25.11,-1.38,-5.21%,"3,095"
2026-03-13,JUBS,47.57,42.81,42.81,42.81,42.81,-4.76,-10.01%,"3,091"
2026-03-13,GADT,245.00,244.99,269.50,244.99,258.82,13.82,5.64%,"3,070"
2026-03-13,STCL,9.80,9.80,10.10,9.80,10.04,0.24,2.45%,"3,024"
2026-03-13,BERG,88.22,88.22,89.90,88.00,88.00,-0.22,-0.25%,"2,958"
2026-03-13,DNCC,17.59,17.90,17.90,16.66,16.72,-0.87,-4.95%,"2,592"
2026-03-13,KSTM,8.23,7.25,8.69,7.25,8.01,-0.22,-2.67%,"2,503"
2026-03-13,JVDC-MAR,103.00,103.00,105.00,103.00,104.97,1.97,1.91%,"2,500"
2026-03-13,OTSU,316.69,305.01,324.00,305.01,315.24,-1.45,-0.46%,"2,474"
2026-03-13,BTL,474.79,522.27,522.27,522.27,522.27,47.48,10.00%,"2,473"
2026-03-13,DBCI,5.30,5.20,5.34,5.05,5.12,-0.18,-3.40%,"2,351"
2026-03-13,FANM,4.73,4.98,4.98,4.41,4.77,0.04,0.85%,"2,345"
2026-03-13,ATLH,"1,512.80","1,530.00","1,530.00","1,500.00","1,511.06",-1.74,-0.12%,"2,338"
2026-03-13,GEMPACRA,31.33,30.00,30.00,30.00,30.00,-1.33,-4.25%,"2,250"
2026-03-13,SPL,36.10,36.20,36.25,35.24,35.39,-0.71,-1.97%,"2,186"
2026-03-13,DWSM,5.24,5.02,5.50,5.02,5.41,0.17,3.24%,"2,115"
2026-03-13,MFFL,156.20,157.99,157.99,152.00,153.41,-2.79,-1.79%,"2,109"
2026-03-13,KOHTM,49.45,48.00,48.00,46.49,46.80,-2.65,-5.36%,"2,107"
2026-03-13,AKBL-APRB,81.90,80.00,80.00,80.00,80.00,-1.90,-2.32%,"2,000"
2026-03-13,CHCC-MARB,250.00,245.00,245.00,243.00,243.00,-7.00,-2.80%,"2,000"
2026-03-13,MCB-MAR,360.50,360.00,365.00,360.00,365.00,4.50,1.25%,"2,000"
2026-03-13,PPP,103.50,102.00,103.50,100.00,102.22,-1.28,-1.24%,"1,947"
2026-03-13,COLG,"1,112.72","1,112.49","1,130.00","1,104.00","1,115.95",3.23,0.29%,"1,880"
2026-03-13,HIFA,4.65,4.66,4.83,4.48,4.69,0.04,0.86%,"1,846"
2026-03-13,MFL,47.94,48.40,48.40,47.00,47.04,-0.90,-1.88%,"1,745"
2026-03-13,STYLERS,43.24,41.24,45.00,39.05,41.91,-1.33,-3.08%,"1,701"
2026-03-13,MQTM,20.56,20.07,20.07,20.06,20.06,-0.50,-2.43%,"1,695"
2026-03-13,PSEL,847.22,877.00,930.00,825.02,891.83,44.61,5.27%,"1,690"
2026-03-13,DYNO,260.52,260.00,262.00,259.00,259.96,-0.56,-0.21%,"1,650"
2026-03-13,FEM,7.83,7.99,7.99,7.16,7.26,-0.57,-7.28%,"1,517"
2026-03-13,ATBA,186.49,189.48,189.49,186.03,187.64,1.15,0.62%,"1,513"
2026-03-13,EMCO,40.00,40.00,42.00,38.72,39.80,-0.20,-0.50%,"1,459"
2026-03-13,QUET,18.75,18.00,19.30,17.55,19.09,0.34,1.81%,"1,413"
2026-03-13,PRWM,42.06,45.99,45.99,39.25,42.50,0.44,1.05%,"1,401"
2026-03-13,HUSI,29.49,32.35,32.35,29.20,30.72,1.23,4.17%,"1,381"
2026-03-13,DWAE,19.00,19.91,19.91,19.00,19.67,0.67,3.53%,"1,310"
2026-03-13,LSEFSL,13.18,13.50,13.50,13.50,13.50,0.32,2.43%,"1,300"
2026-03-13,WAFI,182.96,183.50,186.90,183.00,183.77,0.81,0.44%,"1,281"
2026-03-13,HABSM,65.33,66.20,66.20,63.00,65.61,0.28,0.43%,"1,264"
2026-03-13,FIBLM,10.49,11.44,11.44,10.17,10.46,-0.03,-0.29%,"1,250"
2026-03-13,TSML,212.04,213.00,233.24,213.00,231.00,18.96,8.94%,"1,216"
2026-03-13,WAHN,258.03,258.03,260.00,249.90,251.12,-6.91,-2.68%,"1,163"
2026-03-13,AKDHL,133.43,142.00,142.00,139.00,139.05,5.62,4.21%,"1,114"
2026-03-13,IDYM,98.15,99.90,99.90,97.00,98.87,0.72,0.73%,"1,111"
2026-03-13,HINO,292.80,292.90,298.99,286.01,292.85,0.05,0.02%,"1,088"
2026-03-13,FCEL,4.71,4.43,4.97,4.43,4.71,0.00,0.00%,"1,069"
2026-03-13,CJPL,12.70,12.60,13.00,12.60,12.99,0.29,2.28%,"1,008"
2026-03-13,FRSM,48.92,44.50,46.00,44.50,45.29,-3.63,-7.42%,"1,006"
2026-03-13,FCL-MAR,20.87,20.50,20.50,20.50,20.50,-0.37,-1.77%,"1,000"
2026-03-13,GEMNETS,23.50,22.80,22.80,22.10,22.10,-1.40,-5.96%,"1,000"
2026-03-13,GHGL-MARB,30.80,30.85,30.85,30.85,30.85,0.05,0.16%,"1,000"
2026-03-13,PIOC-MARB,224.81,225.00,225.00,225.00,225.00,0.19,0.08%,"1,000"
2026-03-13,TGL-MARB,135.60,135.00,136.00,135.00,136.00,0.40,0.29%,"1,000"
2026-03-13,PAKL,37.54,41.19,41.19,34.00,34.15,-3.39,-9.03%,908
2026-03-13,ARCTM,24.74,26.00,27.09,26.00,26.82,2.08,8.41%,870
2026-03-13,FEROZ,325.11,325.00,349.99,305.01,327.99,2.88,0.89%,836
2026-03-13,EXIDE,423.31,420.00,429.79,416.50,426.64,3.33,0.79%,827
2026-03-13,PKGS,670.47,670.00,670.00,655.00,659.62,-10.85,-1.62%,706
2026-03-13,REWM,198.74,180.00,189.00,178.87,179.67,-19.07,-9.60%,696
2026-03-13,ASIC,21.68,23.84,23.85,23.84,23.84,2.16,9.96%,684
2026-03-13,DMC,142.26,154.93,154.93,128.05,128.05,-14.21,-9.99%,674
2026-03-13,SITC,795.00,780.00,795.00,780.00,792.87,-2.13,-0.27%,670
2026-03-13,IDRT,22.20,22.00,22.00,22.00,22.00,-0.20,-0.90%,651
2026-03-13,SIBL,7.75,6.84,7.98,6.83,7.08,-0.67,-8.65%,630
2026-03-13,ZIL,327.00,344.00,344.99,323.02,335.00,8.00,2.45%,616
2026-03-13,RICL,15.29,14.50,16.74,14.50,14.57,-0.72,-4.71%,607
2026-03-13,JVDCPS,63.58,60.01,69.93,57.22,60.58,-3.00,-4.72%,569
2026-03-13,NONS,78.65,79.89,79.89,76.50,76.62,-2.03,-2.58%,546
2026-03-13,POWERPS,17.02,16.01,18.36,16.01,16.08,-0.94,-5.52%,517
2026-03-13,NCML,16.74,15.25,16.00,15.24,15.24,-1.50,-8.96%,508
2026-03-13,ANSM,10.00,9.80,9.80,9.80,9.80,-0.20,-2.00%,500
2026-03-13,ASLPS,18.20,17.00,17.00,17.00,17.00,-1.20,-6.59%,500
2026-03-13,FCIBL,18.07,16.40,16.40,16.26,16.30,-1.77,-9.80%,500
2026-03-13,NBP-APR,244.00,0.00,0.00,0.00,243.37,-0.63,-0.26%,500
2026-03-13,TREET-APR,22.70,22.63,22.63,22.63,22.63,-0.07,-0.31%,500
2026-03-13,MEHT,232.99,234.99,255.99,223.06,248.72,15.73,6.75%,474
2026-03-13,ASTM,13.80,13.80,13.80,13.80,13.80,0.00,0.00%,464
2026-03-13,NESTLE,"7,821.88","7,821.88","8,100.00","7,750.00","7,799.67",-22.21,-0.28%,427
2026-03-13,SML,124.77,113.52,129.00,113.52,113.54,-11.23,-9.00%,405
2026-03-13,FTMM,13.73,14.60,14.65,14.60,13.73,0.00,0.00%,400
2026-03-13,ASHT,16.10,16.00,16.50,16.00,16.10,0.00,0.00%,399
2026-03-13,EFUG,126.35,129.99,130.00,121.51,124.60,-1.75,-1.39%,383
2026-03-13,JATM,17.84,17.00,17.00,16.15,17.84,0.00,0.00%,382
2026-03-13,AABS,900.96,862.10,862.10,830.00,845.53,-55.43,-6.15%,356
2026-03-13,GRYL,18.60,17.00,19.89,17.00,18.60,0.00,0.00%,342
2026-03-13,ANTM,25.47,24.00,28.00,24.00,25.47,0.00,0.00%,331
2026-03-13,STJT,93.70,101.70,101.70,91.60,94.81,1.11,1.18%,326
2026-03-13,PIM,20.53,20.00,20.00,19.03,20.53,0.00,0.00%,319
2026-03-13,ORM,10.33,10.02,10.44,10.02,10.33,0.00,0.00%,310
2026-03-13,SURC,96.80,97.00,98.00,97.00,96.80,0.00,0.00%,310
2026-03-13,GOC,85.00,90.00,93.00,90.00,90.01,5.01,5.89%,301
2026-03-13,JLICL,169.14,172.45,173.98,172.00,173.06,3.92,2.32%,287
2026-03-13,SHEZ,229.54,217.00,223.90,215.22,218.29,-11.25,-4.90%,256
2026-03-13,HICL,10.85,10.62,10.62,10.61,10.85,0.00,0.00%,250
2026-03-13,BATA,968.97,975.00,"1,023.99",975.00,991.39,22.42,2.31%,227
2026-03-13,IDSM,19.02,17.20,19.60,17.20,19.02,0.00,0.00%,222
2026-03-13,BELA,53.32,53.00,58.65,53.00,53.32,0.00,0.00%,192
2026-03-13,FZCM,204.44,208.00,208.00,202.00,203.84,-0.60,-0.29%,178
2026-03-13,SIEM,"1,516.05","1,516.00","1,519.99","1,516.00","1,516.05",0.00,0.00%,169
2026-03-13,BAFS,208.65,209.00,217.98,208.99,208.99,0.34,0.16%,168
2026-03-13,POML,124.36,124.51,129.00,124.50,124.36,0.00,0.00%,165
2026-03-13,REDCO,23.08,25.00,25.00,23.00,23.08,0.00,0.00%,163
2026-03-13,SUTM,90.00,95.90,97.83,95.90,90.00,0.00,0.00%,151
2026-03-13,ZTL,10.56,10.40,10.55,10.40,10.56,0.00,0.00%,150
2026-03-13,BNWM,52.36,52.99,53.10,52.99,52.36,0.00,0.00%,138
2026-03-13,SCL,952.00,952.00,965.00,900.00,900.00,-52.00,-5.46%,138
2026-03-13,ELSM,119.57,108.51,108.51,107.61,118.32,-1.25,-1.05%,135
2026-03-13,DINT,45.95,42.70,48.00,41.36,45.95,0.00,0.00%,124
2026-03-13,JDWS,850.00,850.00,883.97,845.00,883.89,33.89,3.99%,120
2026-03-13,KPUS,136.19,125.16,147.95,125.16,136.19,0.00,0.00%,120
2026-03-13,DAAG,57.95,59.00,61.90,55.50,57.95,0.00,0.00%,110
2026-03-13,OLPM,22.00,22.56,22.56,21.41,22.00,0.00,0.00%,105
2026-03-13,HBLTETF,110.14,0.00,0.00,0.00,110.14,0.00,0.00%,100
2026-03-13,SHJS,137.21,145.99,146.00,145.99,137.21,0.00,0.00%,100
2026-03-13,SZTM,42.02,45.00,45.00,45.00,42.02,0.00,0.00%,100
2026-03-13,PAKOXY,245.97,250.00,265.00,246.53,245.97,0.00,0.00%,95
2026-03-13,RMPL,"9,075.00","9,048.00","9,075.00","8,800.01","9,050.14",-24.86,-0.27%,95
2026-03-13,ADAMS,77.17,71.20,79.89,71.20,77.17,0.00,0.00%,94
2026-03-13,HAEL,17.00,16.54,16.97,16.54,17.00,0.00,0.00%,92
2026-03-13,NICL,162.45,155.00,163.00,155.00,162.45,0.00,0.00%,91
2026-03-13,SANSM,113.16,110.00,113.00,110.00,113.16,0.00,0.00%,73
2026-03-13,SFL,"1,011.00","1,000.01","1,010.00",910.00,"1,007.03",-3.97,-0.39%,71
2026-03-13,GVGL,52.17,55.98,55.98,50.38,52.17,0.00,0.00%,64
2026-03-13,HPL,"3,879.03","3,801.00","3,911.00","3,800.00","3,899.98",20.95,0.54%,56
2026-03-13,SRVI,"1,574.99","1,599.00","1,599.00","1,570.00","1,580.00",5.01,0.32%,53
2026-03-13,SHCM,35.66,34.01,38.89,34.01,35.66,0.00,0.00%,50
2026-03-13,UPFL,"25,000.00","24,999.00","24,999.00","24,503.00","24,656.22",-343.78,-1.38%,43
2026-03-13,DLL,601.36,639.97,639.97,576.01,601.36,0.00,0.00%,40
2026-03-13,DIIL,60.16,64.65,64.65,64.25,60.16,0.00,0.00%,36
2026-03-13,KCL,143.68,129.32,149.00,129.31,143.68,0.00,0.00%,35
2026-03-13,AATM,34.32,36.39,36.39,34.42,34.32,0.00,0.00%,27
2026-03-13,SARC,50.68,52.00,52.00,52.00,50.68,0.00,0.00%,25
2026-03-13,STL,"1,276.37","1,180.00","1,298.00","1,180.00","1,295.00",18.63,1.46%,25
2026-03-13,TICL,694.21,669.95,693.00,634.00,694.21,0.00,0.00%,22
2026-03-13,ARPAK,50.00,53.75,53.75,53.75,50.00,0.00,0.00%,20
2026-03-13,RCML,400.01,371.03,412.00,371.03,400.01,0.00,0.00%,19
2026-03-13,IBFL,199.60,201.01,215.00,201.01,199.60,0.00,0.00%,18
2026-03-13,PIAHCLB,"17,024.50","17,023.00","18,303.03","16,600.00","16,646.00",-378.50,-2.22%,17
2026-03-13,BUXL,155.00,146.00,157.00,145.52,155.00,0.00,0.00%,14
2026-03-13,CFL,51.33,55.97,55.98,55.97,51.33,0.00,0.00%,11
2026-03-13,ISIL,"1,973.69","1,966.00","1,966.00","1,965.00","1,973.69",0.00,0.00%,11
2026-03-13,JKSM,140.03,154.03,154.03,135.01,140.03,0.00,0.00%,11
2026-03-13,LPGL,70.50,73.00,73.00,71.50,70.50,0.00,0.00%,9
2026-03-13,SHSML,395.96,370.10,393.98,370.10,395.96,0.00,0.00%,8
2026-03-13,IGIL,21.11,21.00,21.00,19.10,21.11,0.00,0.00%,7
2026-03-13,SUHJ,85.69,89.00,92.98,89.00,85.69,0.00,0.00%,7
2026-03-13,CCM,38.00,38.00,38.00,37.40,38.00,0.00,0.00%,5
2026-03-13,NSRM,112.50,110.05,110.05,110.05,112.50,0.00,0.00%,5
2026-03-13,AHTM,64.36,64.36,68.99,64.36,64.36,0.00,0.00%,4
2026-03-13,CASH,50.83,54.95,54.95,54.90,50.83,0.00,0.00%,4
2026-03-13,EWIC,50.05,55.06,55.06,55.06,50.05,0.00,0.00%,4
2026-03-13,FIMM,192.66,192.66,192.66,192.66,192.66,0.00,0.00%,3
2026-03-13,PSYL,62.21,0.00,0.00,0.00,62.21,0.00,0.00%,3
2026-03-13,ASLCPS,69.56,76.00,76.00,76.00,69.56,0.00,0.00%,2
2026-03-13,MSCL,13.40,13.49,13.49,13.01,13.40,0.00,0.00%,2
2026-03-13,RUBY,11.41,0.00,0.00,0.00,11.41,0.00,0.00%,2
2026-03-13,FASM,320.00,320.00,320.00,320.00,320.00,0.00,0.00%,1
2026-03-13,FRCL,63.17,58.00,58.00,58.00,63.17,0.00,0.00%,1
2026-03-13,INKL,81.32,82.40,82.40,82.40,81.32,0.00,0.00%,1
2026-03-13,PGLC,13.13,14.19,14.19,14.19,13.13,0.00,0.00%,1
2026-03-13,PMRS,312.58,301.05,301.05,301.05,312.58,0.00,0.00%,1
2026-03-13,SAPT,"1,280.55","1,235.00","1,235.00","1,235.00","1,280.55",0.00,0.00%,1
