date,symbol,ldcp,open,high,low,close,change,change_pct,volume
2026-10-02,786,20.67,20.40,20.90,19.81,20.64,-0.03,-0.15%,29098
2026-10-02,AABS,750.68,746.00,760.00,742.60,759.89,9.21,1.23%,150
2026-10-02,AATM,42.19,43.89,44.99,40.02,42.77,0.58,1.37%,4267
2026-10-02,ABL,170.04,169.53,172.00,164.00,169.73,-0.31,-0.18%,22860
2026-10-02,ABOT,915.16,924.00,924.00,900.00,912.09,-3.07,-0.34%,3689
2026-10-02,ACIETF,16.59,16.50,16.50,16.18,16.20,-0.39,-2.35%,12500
2026-10-02,ACPL,245.94,242.00,245.93,235.20,245.50,-0.44,-0.18%,7906
2026-10-02,ADAMS,66.72,65.67,67.79,65.03,66.72,0.00,0.00%,259
2026-10-02,ADMM,52.84,52.85,57.00,51.05,52.68,-0.16,-0.30%,56160
2026-10-02,AGHA,6.67,6.62,6.69,6.56,6.58,-0.09,-1.35%,887275
2026-10-02,AGIC,39.16,40.32,40.35,39.11,39.99,0.83,2.12%,18237
2026-10-02,AGIL,146.97,147.84,148.00,144.92,145.04,-1.93,-1.31%,12051
2026-10-02,AGL,45.42,45.95,45.95,44.50,45.39,-0.03,-0.07%,27879
2026-10-02,AGP,152.80,152.80,153.58,151.00,151.80,-1.00,-0.65%,40611
2026-10-02,AGSML,9.06,9.00,9.27,8.75,8.95,-0.11,-1.21%,146864
2026-10-02,AGTL,347.99,343.02,349.88,343.02,347.05,-0.94,-0.27%,8708
2026-10-02,AHCL,15.79,15.79,15.95,15.45,15.85,0.06,0.38%,2608515
2026-10-02,AHL,112.29,112.29,115.00,110.50,112.90,0.61,0.54%,215540
2026-10-02,AHTM,87.02,82.92,91.91,82.92,87.02,0.00,0.00%,85
2026-10-02,AICL,94.28,94.95,98.68,92.59,96.80,2.52,2.67%,2073699
2026-10-02,AIRLINK,120.94,121.35,121.49,119.30,120.30,-0.64,-0.53%,331295
2026-10-02,AKBL,104.34,104.84,104.84,101.80,104.00,-0.34,-0.33%,6166557
2026-10-02,AKDHL,151.22,149.00,152.00,146.00,151.22,0.00,0.00%,5987
2026-10-02,AKDSL,33.60,33.97,33.97,32.80,33.00,-0.60,-1.79%,81994
2026-10-02,AKGL,56.06,61.49,61.49,52.07,56.06,0.00,0.00%,20
2026-10-02,ALAC,23.18,22.86,23.70,22.40,22.72,-0.46,-1.98%,146930
2026-10-02,ALIFE,30.45,30.40,31.75,30.40,30.50,0.05,0.16%,1290
2026-10-02,ALTN,6.61,6.64,6.79,6.50,6.62,0.01,0.15%,117948
2026-10-02,AMBL,18.07,19.85,19.88,18.31,19.88,1.81,10.02%,3826
2026-10-02,AMTEX,4.09,4.20,4.20,3.92,3.99,-0.10,-2.44%,416523
2026-10-02,ANL,9.15,9.20,9.24,8.95,9.06,-0.09,-0.98%,319957
2026-10-02,ANLNV,8.00,8.75,8.90,7.11,8.54,0.54,6.75%,764
2026-10-02,ANSM,22.93,23.75,23.75,22.92,23.40,0.47,2.05%,1350
2026-10-02,ANTM,77.01,77.00,77.95,69.61,72.53,-4.48,-5.82%,10898
2026-10-02,APL,575.74,575.74,576.00,570.00,571.30,-4.44,-0.77%,41400
2026-10-02,ARCTM,57.29,58.00,59.00,54.01,54.54,-2.75,-4.80%,404804
2026-10-02,ARMG,49.01,45.26,53.00,45.26,52.89,3.88,7.92%,1050
2026-10-02,ARPAK,128.93,129.00,141.82,124.00,141.82,12.89,10.00%,9896
2026-10-02,ARPL,389.70,388.00,393.00,388.00,389.43,-0.27,-0.07%,6558
2026-10-02,ARUJ,9.47,9.69,9.69,8.75,9.06,-0.41,-4.33%,59383
2026-10-02,ASC,8.34,8.47,8.47,8.13,8.36,0.02,0.24%,640725
2026-10-02,ASHT,45.51,43.88,43.88,40.96,40.96,-4.55,-10.00%,44674
2026-10-02,ASIC,32.42,33.70,33.75,29.20,33.73,1.31,4.04%,586
2026-10-02,ASL,17.11,17.25,17.27,16.60,16.63,-0.48,-2.81%,2728919
2026-10-02,ASLCPS,75.00,75.20,79.95,67.55,70.64,-4.36,-5.81%,397
2026-10-02,ASLPS,25.90,25.90,27.47,24.80,25.90,0.00,0.00%,28
2026-10-02,ASTL,17.79,17.80,18.00,17.47,17.74,-0.05,-0.28%,919122
2026-10-02,ASTM,124.56,126.00,129.69,112.10,112.10,-12.46,-10.00%,317062
2026-10-02,ATBA,162.99,163.99,164.99,161.32,161.89,-1.10,-0.67%,2226
2026-10-02,ATIL,75.93,75.93,75.98,74.41,75.93,0.00,0.00%,54
2026-10-02,ATLH,1567.59,1580.00,1586.00,1548.00,1573.13,5.54,0.35%,1917
2026-10-02,ATRL,1187.48,1178.00,1195.00,1174.00,1189.43,1.95,0.16%,261399
2026-10-02,AVN,27.91,28.28,28.28,27.41,27.62,-0.29,-1.04%,207782
2026-10-02,BAFL,56.47,56.50,56.80,56.11,56.50,0.03,0.05%,1017362
2026-10-02,BAFS,420.61,420.61,420.61,420.61,420.61,0.00,0.00%,9
2026-10-02,BAHL,152.51,150.56,152.72,150.51,151.55,-0.96,-0.63%,112846
2026-10-02,BAPL,38.17,38.68,39.50,37.60,38.05,-0.12,-0.31%,107822
2026-10-02,BATA,857.23,868.88,873.72,858.00,859.12,1.89,0.22%,5657
2026-10-02,BBFL,35.61,35.69,37.00,34.80,36.39,0.78,2.19%,1461701
2026-10-02,BCL,70.20,70.00,70.99,69.21,69.32,-0.88,-1.25%,7346
2026-10-02,BECO,4.35,4.41,4.41,4.32,4.38,0.03,0.69%,1970955
2026-10-02,BELA,70.24,66.60,77.00,66.60,70.00,-0.24,-0.34%,59337
2026-10-02,BERG,117.08,117.08,118.00,115.00,116.08,-1.00,-0.85%,85211
2026-10-02,BFAGRO,31.22,29.11,29.98,28.49,28.51,-2.71,-8.68%,573114
2026-10-02,BFBIO,126.34,126.34,126.34,123.15,124.68,-1.66,-1.31%,45827
2026-10-02,BFMOD,20.63,20.62,20.95,20.02,20.15,-0.48,-2.33%,10614
2026-10-02,BGL,9.30,9.43,9.46,9.01,9.18,-0.12,-1.29%,71340
2026-10-02,BHAT,816.54,816.54,816.54,816.54,816.54,0.00,0.00%,1
2026-10-02,BIFO,107.36,108.00,108.00,105.11,106.59,-0.77,-0.72%,21835
2026-10-02,BIPL,24.63,24.99,24.99,24.51,24.78,0.15,0.61%,86222
2026-10-02,BLUEX,5.98,5.94,6.00,5.90,5.93,-0.05,-0.84%,339088
2026-10-02,BML,56.17,56.03,57.00,54.01,55.53,-0.64,-1.14%,511973
2026-10-02,BNL,5.63,5.61,5.72,5.50,5.54,-0.09,-1.60%,1364234
2026-10-02,BNWM,61.20,61.00,62.98,60.04,61.23,0.03,0.05%,6714
2026-10-02,BOK,27.89,28.99,28.99,27.52,28.53,0.64,2.29%,942
2026-10-02,BOP,30.12,30.20,30.21,29.85,29.93,-0.19,-0.63%,5781528
2026-10-02,BPL,52.48,51.50,53.23,50.20,50.25,-2.23,-4.25%,67923
2026-10-02,BRRG,40.00,41.00,41.00,39.90,40.02,0.02,0.05%,5514
2026-10-02,BTL,845.45,815.01,832.90,815.01,845.45,0.00,0.00%,2
2026-10-02,BUXL,465.08,465.08,475.00,418.57,418.57,-46.51,-10.00%,171765
2026-10-02,BWCL,447.48,446.98,447.00,443.12,445.56,-1.92,-0.43%,7141
2026-10-02,BWHL,216.06,217.48,219.69,210.00,217.26,1.20,0.56%,6832
2026-10-02,CCM,42.74,42.74,44.00,42.74,42.74,0.00,0.00%,48
2026-10-02,CENI,63.07,64.00,64.00,62.50,63.07,0.00,0.00%,368
2026-10-02,CEPB,25.54,25.95,25.95,25.40,25.72,0.18,0.70%,173453
2026-10-02,CFL,64.80,64.80,64.80,60.98,59.40,-5.40,-8.33%,71
2026-10-02,CHAS,80.43,80.51,84.50,80.50,81.97,1.54,1.91%,1837
2026-10-02,CHBL,10.07,10.12,10.24,9.68,9.75,-0.32,-3.18%,426396
2026-10-02,CHCC,274.11,274.00,276.99,270.02,271.23,-2.88,-1.05%,54886
2026-10-02,CLCPS,3.38,3.35,3.51,3.20,3.30,-0.08,-2.37%,278554
2026-10-02,CLOV,6.99,6.99,7.05,6.72,6.79,-0.20,-2.86%,3313099
2026-10-02,CLVL,26.45,26.89,28.48,25.80,27.07,0.62,2.34%,1728055
2026-10-02,CNERGY,12.98,12.98,12.99,12.60,12.72,-0.26,-2.00%,20891792
2026-10-02,COLG,1091.41,1091.40,1104.09,1080.00,1085.46,-5.95,-0.55%,10723
2026-10-02,CPHL,72.16,72.64,72.84,71.12,71.86,-0.30,-0.42%,148413
2026-10-02,CPPL,96.75,96.20,96.98,90.00,94.98,-1.77,-1.83%,26451
2026-10-02,CRTM,63.00,62.00,63.99,60.00,60.00,-3.00,-4.76%,4231
2026-10-02,CSAP,90.86,91.00,91.87,89.00,90.03,-0.83,-0.91%,73863
2026-10-02,CSIL,5.31,5.32,5.40,5.15,5.20,-0.11,-2.07%,985731
2026-10-02,CTM,6.74,6.74,6.92,6.50,6.85,0.11,1.63%,600249
2026-10-02,DAAG,85.54,87.50,87.50,80.15,81.29,-4.25,-4.97%,2507
2026-10-02,DADX,144.18,141.00,143.99,130.00,131.41,-12.77,-8.86%,14816
2026-10-02,DBCI,12.71,12.70,13.97,12.02,13.21,0.50,3.93%,3455318
2026-10-02,DCL,9.48,9.30,9.60,9.26,9.36,-0.12,-1.27%,1297044
2026-10-02,DCR,38.84,38.84,39.19,38.84,39.00,0.16,0.41%,220471
2026-10-02,DEL,17.08,17.08,17.64,16.40,16.77,-0.31,-1.81%,23900
2026-10-02,DFML,17.49,18.39,19.20,17.50,18.48,0.99,5.66%,11182586
2026-10-02,DFSM,15.33,15.23,15.78,14.45,15.23,-0.10,-0.65%,1163255
2026-10-02,DGKC,187.22,187.00,190.05,184.00,187.07,-0.15,-0.08%,1991784
2026-10-02,DIIL,70.00,70.00,72.00,66.11,68.03,-1.97,-2.81%,5786
2026-10-02,DINT,59.26,60.00,62.00,58.78,58.83,-0.43,-0.73%,2097
2026-10-02,DLL,45.04,45.50,45.98,44.78,44.92,-0.12,-0.27%,10092
2026-10-02,DMC,162.08,175.49,175.49,150.00,167.86,5.78,3.57%,517
2026-10-02,DNCC,18.06,18.50,19.87,16.33,19.87,1.81,10.02%,1680818
2026-10-02,DOL,30.94,30.93,31.00,30.70,30.74,-0.20,-0.65%,28682
2026-10-02,DSIL,15.68,16.25,17.25,15.00,17.25,1.57,10.01%,29509663
2026-10-02,DSL,4.39,4.38,4.58,4.38,4.47,0.08,1.82%,744594
2026-10-02,DWAE,22.48,22.25,23.00,20.27,21.49,-0.99,-4.40%,7554
2026-10-02,DWSM,6.21,6.21,7.21,6.11,7.21,1.00,16.10%,1865357
2026-10-02,DWTM,9.85,9.99,10.40,9.12,10.03,0.18,1.83%,3080
2026-10-02,DYNO,337.01,336.00,346.99,336.00,342.89,5.88,1.74%,5310
2026-10-02,ECOP,48.41,49.00,49.25,46.50,47.08,-1.33,-2.75%,93477
2026-10-02,EFERT,194.31,194.30,194.75,192.16,193.92,-0.39,-0.20%,380985
2026-10-02,EFUG,123.00,126.95,127.00,123.02,125.43,2.43,1.98%,628
2026-10-02,EFUL,125.00,130.00,130.00,120.51,128.68,3.68,2.94%,697
2026-10-02,ELCM,250.19,250.19,266.00,245.01,250.19,0.00,0.00%,15
2026-10-02,ELSM,196.28,207.10,214.80,198.28,210.48,14.20,7.23%,3814
2026-10-02,EMCO,32.29,32.70,32.99,30.10,32.10,-0.19,-0.59%,171127
2026-10-02,ENGROH,262.71,263.00,264.40,261.00,262.13,-0.58,-0.22%,608632
2026-10-02,EPCL,32.43,32.50,33.25,32.20,32.67,0.24,0.74%,58911
2026-10-02,EPCLPS,14.02,14.39,14.39,13.41,14.26,0.24,1.71%,3086
2026-10-02,EPQL,23.89,23.52,23.95,23.52,23.89,0.00,0.00%,88031
2026-10-02,ESBL,10.86,10.99,11.89,10.30,10.96,0.10,0.92%,103302
2026-10-02,EXIDE,416.84,416.00,420.00,415.00,415.70,-1.14,-0.27%,955
2026-10-02,FABL,93.71,93.71,94.10,92.80,93.18,-0.53,-0.57%,209966
2026-10-02,FANM,9.65,9.79,10.17,9.00,9.75,0.10,1.04%,37934
2026-10-02,FASM,336.16,339.99,339.99,323.25,336.16,0.00,0.00%,6
2026-10-02,FATIMA,145.88,145.88,146.67,143.50,144.25,-1.63,-1.12%,205584
2026-10-02,FCCL,51.65,51.65,52.00,50.89,51.13,-0.52,-1.01%,2996487
2026-10-02,FCEL,5.16,5.35,5.35,4.80,5.08,-0.08,-1.55%,23101
2026-10-02,FCEPL,134.94,134.94,136.50,133.00,134.55,-0.39,-0.29%,203645
2026-10-02,FCIBL,39.67,39.44,39.44,35.70,35.70,-3.97,-10.01%,64691
2026-10-02,FCL,27.09,26.91,27.24,26.90,27.07,-0.02,-0.07%,510686
2026-10-02,FCSC,5.25,5.25,5.40,5.01,5.08,-0.17,-3.24%,1291596
2026-10-02,FDPL,4.51,4.51,4.55,4.41,4.42,-0.09,-2.00%,378659
2026-10-02,FECM,18.00,18.00,19.33,17.80,18.40,0.40,2.22%,9804
2026-10-02,FECTC,92.95,93.19,93.49,91.70,92.30,-0.65,-0.70%,39621
2026-10-02,FEM,10.46,10.50,10.64,10.10,10.50,0.04,0.38%,36436
2026-10-02,FEROZ,346.00,342.03,346.00,337.00,340.55,-5.45,-1.58%,2252
2026-10-02,FFC,538.46,540.51,542.00,537.00,537.90,-0.56,-0.10%,288713
2026-10-02,FFL,14.49,14.48,14.75,14.27,14.41,-0.08,-0.55%,1452034
2026-10-02,FFLM,12.47,12.69,12.69,11.95,12.01,-0.46,-3.69%,124862
2026-10-02,FHAM,29.11,29.31,29.31,26.50,27.48,-1.63,-5.60%,128706
2026-10-02,FIBLM,15.38,15.00,15.34,14.53,14.68,-0.70,-4.55%,191368
2026-10-02,FIL,279.89,264.00,294.90,260.15,284.62,4.73,1.69%,377
2026-10-02,FIMM,286.94,315.63,315.63,258.25,315.63,28.69,10.00%,3161
2026-10-02,FLYNG,34.10,34.02,35.84,31.25,34.40,0.30,0.88%,45122
2026-10-02,FML,44.94,45.80,46.00,44.00,44.20,-0.74,-1.65%,5198
2026-10-02,FNEL,1.21,1.24,1.29,1.16,1.22,0.01,0.83%,42508520
2026-10-02,FPJM,26.14,23.55,24.95,23.53,23.53,-2.61,-9.98%,28172021
2026-10-02,FPRM,11.88,11.75,11.95,11.01,11.86,-0.02,-0.17%,18875
2026-10-02,FRCL,86.95,79.00,85.00,79.00,86.95,0.00,0.00%,13
2026-10-02,FRSM,41.16,41.21,41.21,41.21,41.16,0.00,0.00%,22
2026-10-02,FTMM,18.60,18.11,18.11,17.76,17.95,-0.65,-3.49%,9399
2026-10-02,FTSM,44.03,41.63,42.45,39.63,39.63,-4.40,-9.99%,60868
2026-10-02,FZCM,280.46,307.49,307.49,265.00,272.25,-8.21,-2.93%,55816
2026-10-02,GADT,297.12,297.50,298.79,293.00,293.44,-3.68,-1.24%,2793
2026-10-02,GAL,539.06,539.06,541.00,520.00,526.94,-12.12,-2.25%,588114
2026-10-02,GAMON,19.46,19.50,19.86,19.20,19.50,0.04,0.21%,5684
2026-10-02,GATI,83.69,83.00,84.00,81.82,82.86,-0.83,-0.99%,6111
2026-10-02,GATM,20.36,20.50,20.50,19.91,20.15,-0.21,-1.03%,402849
2026-10-02,GCIL,31.04,30.99,31.10,30.61,30.86,-0.18,-0.58%,853451
2026-10-02,GCWL,12.93,12.90,13.29,12.50,12.82,-0.11,-0.85%,247651
2026-10-02,GDL,17.97,17.90,18.59,17.51,17.95,-0.02,-0.11%,717810
2026-10-02,GEMBCEM,12.38,12.38,12.38,12.38,11.25,-1.13,-9.13%,88
2026-10-02,GEMMEL,41.09,37.51,37.51,37.25,41.09,0.00,0.00%,2
2026-10-02,GEMPACRA,43.67,47.97,48.00,47.97,43.67,0.00,0.00%,300
2026-10-02,GFIL,28.00,26.50,28.48,26.50,27.05,-0.95,-3.39%,1346
2026-10-02,GGGL,7.61,7.61,7.69,7.40,7.53,-0.08,-1.05%,216973
2026-10-02,GGL,19.04,19.00,19.00,18.65,18.80,-0.24,-1.26%,349407
2026-10-02,GHGL,39.67,39.61,40.20,38.51,39.90,0.23,0.58%,37805
2026-10-02,GHNI,1041.62,1046.00,1049.24,1025.00,1033.39,-8.23,-0.79%,141959
2026-10-02,GLAXO,313.55,314.50,314.50,311.00,312.18,-1.37,-0.44%,40346
2026-10-02,GOC,152.59,152.59,164.50,140.11,163.32,10.73,7.03%,695
2026-10-02,GRR,22.31,22.40,22.65,22.09,22.18,-0.13,-0.58%,2311392
2026-10-02,GRYL,22.35,22.45,22.45,21.50,21.93,-0.42,-1.88%,20642
2026-10-02,GSPM,7.56,7.30,7.80,7.21,7.56,0.00,0.00%,46675
2026-10-02,GTYR,25.57,25.87,27.30,24.51,25.22,-0.35,-1.37%,603622
2026-10-02,GUSM,8.52,8.63,8.63,8.11,8.13,-0.39,-4.58%,18199
2026-10-02,GVGL,51.98,52.54,53.00,51.80,52.35,0.37,0.71%,66855
2026-10-02,GWLC,48.22,48.29,48.49,46.57,47.97,-0.25,-0.52%,60819
2026-10-02,HABSM,79.15,76.05,80.50,76.05,80.50,1.35,1.71%,12693
2026-10-02,HAEL,24.87,25.20,26.50,23.22,24.18,-0.69,-2.77%,6174
2026-10-02,HAFL,448.96,436.35,454.00,436.35,448.96,0.00,0.00%,7
2026-10-02,HALEON,686.70,688.00,690.00,679.00,685.10,-1.60,-0.23%,9823
2026-10-02,HASCOL,18.70,18.75,19.00,18.61,18.66,-0.04,-0.21%,1383192
2026-10-02,HBL,303.78,304.95,304.95,301.30,302.29,-1.49,-0.49%,484804
2026-10-02,HBLTETF,106.56,105.90,106.25,105.90,106.25,-0.31,-0.29%,45400
2026-10-02,HCAR,214.42,214.00,214.02,210.60,211.33,-3.09,-1.44%,151891
2026-10-02,HGFA,13.73,13.88,13.90,13.01,13.69,-0.04,-0.29%,1472
2026-10-02,HICL,7.96,8.00,8.04,7.90,7.93,-0.03,-0.38%,13369
2026-10-02,HIFA,4.73,4.74,4.80,4.63,4.72,-0.01,-0.21%,54159
2026-10-02,HINO,314.05,314.10,314.86,311.00,311.47,-2.58,-0.82%,4611
2026-10-02,HINOON,929.50,930.00,930.00,910.00,922.63,-6.87,-0.74%,7910
2026-10-02,HIRAT,6.08,6.18,6.18,5.61,5.85,-0.23,-3.78%,439405
2026-10-02,HMB,96.43,96.50,97.39,95.80,95.89,-0.54,-0.56%,151309
2026-10-02,HPL,3969.00,3925.00,4050.00,3906.30,3978.10,9.10,0.23%,484
2026-10-02,HRPL,19.05,19.05,19.05,19.00,19.03,-0.02,-0.10%,9626
2026-10-02,HTL,37.81,37.90,37.90,36.67,37.14,-0.67,-1.77%,113351
2026-10-02,HUBC,198.96,198.50,200.50,197.11,198.64,-0.32,-0.16%,1868627
2026-10-02,HUMNL,9.85,9.85,10.04,9.63,9.68,-0.17,-1.73%,1060733
2026-10-02,HUSI,47.60,47.60,50.00,47.60,48.64,1.04,2.18%,1705
2026-10-02,HWQS,19.51,19.99,20.65,18.12,19.03,-0.48,-2.46%,50216
2026-10-02,IBFL,251.95,251.95,251.95,251.95,251.95,0.00,0.00%,4
2026-10-02,IBLHL,42.25,42.25,42.78,41.43,41.63,-0.62,-1.47%,27155
2026-10-02,ICCI,13.18,13.79,13.79,12.16,12.89,-0.29,-2.20%,43731
2026-10-02,ICIBL,16.13,16.26,16.85,15.15,16.04,-0.09,-0.56%,72786
2026-10-02,ICL,128.03,128.99,130.00,125.00,128.90,0.87,0.68%,12302
2026-10-02,IDEAL,52.41,52.60,57.65,52.60,52.74,0.33,0.63%,5681
2026-10-02,IDRT,32.59,33.34,33.34,31.52,32.52,-0.07,-0.21%,2478
2026-10-02,IDYM,130.56,129.00,137.80,129.00,133.47,2.91,2.23%,44743
2026-10-02,IGIHL,259.93,261.00,261.00,255.00,256.06,-3.87,-1.49%,8777
2026-10-02,IGIL,18.96,18.80,19.38,18.50,18.50,-0.46,-2.43%,601
2026-10-02,ILP,97.29,97.89,98.58,96.50,96.92,-0.37,-0.38%,138002
2026-10-02,IMAGE,25.50,25.70,25.70,25.00,25.07,-0.43,-1.69%,99523
2026-10-02,IML,24.69,22.60,26.50,22.60,25.32,0.63,2.55%,2002
2026-10-02,IMS,17.68,17.50,18.50,17.50,17.76,0.08,0.45%,155236
2026-10-02,INDU,1791.23,1798.00,1880.00,1790.03,1804.88,13.65,0.76%,19550
2026-10-02,INIL,161.68,159.66,162.86,159.55,160.00,-1.68,-1.04%,15177
2026-10-02,INKL,101.58,101.58,102.00,97.50,101.58,0.00,0.00%,92
2026-10-02,IPAK,35.28,35.27,36.00,35.27,35.47,0.19,0.54%,210353
2026-10-02,IREIT,7.90,7.92,7.95,7.80,7.82,-0.08,-1.01%,291487
2026-10-02,ISIL,1822.86,1822.00,1822.00,1821.50,1822.86,0.00,0.00%,4
2026-10-02,ISL,80.91,80.00,80.97,78.00,79.88,-1.03,-1.27%,68334
2026-10-02,ITANZ,33.49,33.51,33.60,32.05,32.77,-0.72,-2.15%,379202
2026-10-02,ITTEFAQ,7.90,7.90,8.03,7.70,7.73,-0.17,-2.15%,850960
2026-10-02,JATM,38.43,37.40,37.70,35.60,36.62,-1.81,-4.71%,21183
2026-10-02,JDMT,136.93,138.46,138.90,132.00,138.49,1.56,1.14%,150983
2026-10-02,JDWS,880.01,865.00,884.97,865.00,877.76,-2.25,-0.26%,189
2026-10-02,JGICL,78.11,77.53,80.45,77.53,79.07,0.96,1.23%,60542
2026-10-02,JKSM,306.40,306.45,306.45,306.45,306.40,0.00,0.00%,1
2026-10-02,JLICL,107.02,107.51,107.51,106.55,106.68,-0.34,-0.32%,6617
2026-10-02,JSBL,12.65,12.15,12.98,12.15,12.52,-0.13,-1.03%,51608
2026-10-02,JSCL,20.18,20.06,20.30,20.00,20.03,-0.15,-0.74%,50975
2026-10-02,JSGBETF,39.05,38.91,38.92,38.62,38.92,-0.13,-0.33%,22500
2026-10-02,JSGCL,138.00,138.00,142.00,135.00,137.38,-0.62,-0.45%,6820
2026-10-02,JSIL,35.73,35.36,35.36,35.25,35.73,0.00,0.00%,5
2026-10-02,JSMFETF,10.73,10.83,10.83,10.55,10.61,-0.12,-1.12%,418500
2026-10-02,JSML,49.97,50.85,50.97,48.50,49.02,-0.95,-1.90%,26001
2026-10-02,JSRR,11.36,11.00,11.98,10.50,10.67,-0.69,-6.07%,9177
2026-10-02,JUBS,49.00,46.15,53.90,44.60,52.91,3.91,7.98%,2857
2026-10-02,JVDC,136.56,136.56,138.45,135.25,137.82,1.26,0.92%,138973
2026-10-02,JVDCPS,57.15,57.15,57.86,57.00,52.60,-4.55,-7.96%,123
2026-10-02,KAPCO,26.60,26.60,26.88,26.50,26.63,0.03,0.11%,219221
2026-10-02,KCL,156.18,156.18,156.18,150.00,156.18,0.00,0.00%,113
2026-10-02,KEL,6.06,6.08,6.09,5.95,5.97,-0.09,-1.49%,23525673
2026-10-02,KHTC,293.31,296.00,296.98,290.10,293.56,0.25,0.09%,102
2026-10-02,KHYT,1847.60,1865.35,1887.98,1830.01,1847.60,0.00,0.00%,9
2026-10-02,KML,8.07,8.19,8.19,8.00,8.00,-0.07,-0.87%,297742
2026-10-02,KOHC,87.39,87.70,88.26,86.12,86.94,-0.45,-0.51%,139630
2026-10-02,KOHE,15.24,15.35,16.76,15.35,16.76,1.52,9.97%,2332406
2026-10-02,KOHP,19.73,19.80,20.25,19.50,19.79,0.06,0.30%,13318
2026-10-02,KOHTM,89.18,91.00,92.00,87.50,88.19,-0.99,-1.11%,32846
2026-10-02,KOIL,33.97,34.50,34.50,32.55,33.12,-0.85,-2.50%,70727
2026-10-02,KOSM,5.84,5.85,5.89,5.38,5.57,-0.27,-4.62%,25073393
2026-10-02,KPUS,790.34,780.01,798.99,770.00,781.98,-8.36,-1.06%,1065
2026-10-02,KSBP,206.17,205.00,209.99,204.32,206.26,0.09,0.04%,6614
2026-10-02,KSTM,12.11,12.69,12.70,11.82,12.48,0.37,3.06%,2530
2026-10-02,KTML,41.46,41.01,41.48,41.00,41.07,-0.39,-0.94%,34926
2026-10-02,LCI,204.64,205.50,205.50,203.20,204.36,-0.28,-0.14%,9593
2026-10-02,LEUL,70.30,70.30,70.30,68.70,69.97,-0.33,-0.47%,2695
2026-10-02,LIVEN,31.78,31.21,32.05,31.00,31.14,-0.64,-2.01%,51812
2026-10-02,LOADS,12.26,12.25,12.38,11.96,12.09,-0.17,-1.39%,684129
2026-10-02,LOTCHEM,26.17,26.10,26.97,26.00,26.25,0.08,0.31%,5178571
2026-10-02,LPGL,69.82,71.88,71.88,67.10,69.90,0.08,0.11%,1041
2026-10-02,LPL,18.75,18.75,19.01,18.75,19.00,0.25,1.33%,61919
2026-10-02,LSECL,5.85,5.95,5.95,5.60,5.64,-0.21,-3.59%,3230841
2026-10-02,LSEFSL,3.37,3.39,3.63,3.32,3.39,0.02,0.59%,453025
2026-10-02,LSEVL,12.96,12.96,13.25,12.55,12.68,-0.28,-2.16%,648906
2026-10-02,LUCK,413.04,414.00,416.97,409.10,410.56,-2.48,-0.60%,837001
2026-10-02,MACFL,68.79,68.00,70.25,66.65,69.56,0.77,1.12%,409430
2026-10-02,MACTER,248.25,245.35,256.90,245.01,253.98,5.73,2.31%,8811
2026-10-02,MARI,628.35,628.35,638.48,626.90,635.22,6.87,1.09%,581280
2026-10-02,MCB,388.54,389.99,389.99,387.20,388.03,-0.51,-0.13%,170252
2026-10-02,MCBIM,158.15,158.00,158.00,157.00,157.00,-1.15,-0.73%,760
2026-10-02,MDTL,7.52,7.50,7.60,6.96,7.10,-0.42,-5.59%,7895600
2026-10-02,MEBL,553.65,554.00,556.00,545.11,548.79,-4.86,-0.88%,546614
2026-10-02,MEHT,137.40,138.79,138.79,135.11,136.35,-1.05,-0.76%,20858
2026-10-02,MERIT,9.46,9.31,9.58,9.28,9.32,-0.14,-1.48%,131328
2026-10-02,MFFL,168.11,165.00,174.98,162.10,164.40,-3.71,-2.21%,97847
2026-10-02,MFL,43.76,44.00,44.90,43.53,44.53,0.77,1.76%,266145
2026-10-02,MIIETF,16.01,16.20,16.20,14.40,15.95,-0.06,-0.37%,1041500
2026-10-02,MIRKS,32.75,32.05,33.39,31.50,31.60,-1.15,-3.51%,6477
2026-10-02,MLCF,91.23,90.99,91.98,88.58,90.14,-1.09,-1.19%,7176075
2026-10-02,MQTM,26.94,27.50,27.93,26.00,26.99,0.05,0.19%,3732
2026-10-02,MRNS,61.94,61.94,62.65,60.00,61.00,-0.94,-1.52%,14023
2026-10-02,MSCL,20.74,20.50,21.09,19.40,19.91,-0.83,-4.00%,50808
2026-10-02,MSOT,190.20,188.21,190.00,181.00,188.76,-1.44,-0.76%,74923
2026-10-02,MTL,296.97,297.00,298.50,296.23,297.05,0.08,0.03%,84666
2026-10-02,MUGHAL,69.01,68.99,69.38,67.95,68.70,-0.31,-0.45%,282511
2026-10-02,MUGHALC,62.00,64.96,64.96,62.01,62.00,0.00,0.00%,64
2026-10-02,MUREB,930.00,944.44,949.00,930.00,930.00,0.00,0.00%,4039
2026-10-02,MWMP,84.78,85.01,93.26,85.01,93.26,8.48,10.00%,353956
2026-10-02,MZNPETF,17.24,17.30,17.31,17.11,17.20,-0.04,-0.23%,723000
2026-10-02,NAGC,92.47,92.00,93.00,90.00,91.53,-0.94,-1.02%,11533
2026-10-02,NATF,336.28,339.00,339.00,331.00,332.99,-3.29,-0.98%,95235
2026-10-02,NATM,72.94,73.99,73.99,67.10,67.67,-5.27,-7.23%,584
2026-10-02,NBP,164.19,164.00,164.49,161.00,162.11,-2.08,-1.27%,1274271
2026-10-02,NBPGETF,26.30,26.50,26.50,26.15,26.23,-0.07,-0.27%,16500
2026-10-02,NCL,38.89,38.89,39.10,38.60,38.96,0.07,0.18%,113148
2026-10-02,NCPL,53.18,53.25,53.50,52.12,52.62,-0.56,-1.05%,1441857
2026-10-02,NESTLE,7108.39,7108.39,7179.95,6990.00,7014.86,-93.53,-1.32%,1539
2026-10-02,NETSOL,118.51,118.51,119.00,117.00,117.86,-0.65,-0.55%,190271
2026-10-02,NEXT,14.47,14.39,14.39,14.20,14.23,-0.24,-1.66%,816
2026-10-02,NICL,260.49,260.75,263.90,260.00,260.01,-0.48,-0.18%,1721
2026-10-02,NITGETF,32.91,32.75,32.87,32.39,32.84,-0.07,-0.21%,9500
2026-10-02,NML,130.09,130.40,130.97,128.00,128.75,-1.34,-1.03%,270131
2026-10-02,NNAR,22.18,22.79,22.79,22.11,22.26,0.08,0.36%,364353
2026-10-02,NONS,79.09,80.49,87.00,75.00,87.00,7.91,10.00%,104914
2026-10-02,NPL,59.12,59.12,59.73,57.57,57.98,-1.14,-1.93%,2493456
2026-10-02,NRL,601.51,601.50,603.00,576.11,596.68,-4.83,-0.80%,2619431
2026-10-02,NRSL,36.48,36.10,37.50,35.55,36.84,0.36,0.99%,203983
2026-10-02,NSRM,208.22,200.00,202.70,199.00,199.06,-9.16,-4.40%,744
2026-10-02,OBOY,18.38,18.42,18.42,16.54,17.03,-1.35,-7.34%,11120874
2026-10-02,OCTOPUS,27.74,27.65,27.94,27.35,27.57,-0.17,-0.61%,75143
2026-10-02,OGDC,313.39,313.01,315.95,311.80,314.62,1.23,0.39%,1836867
2026-10-02,OLPL,51.06,51.00,51.46,51.00,51.00,-0.06,-0.12%,18800
2026-10-02,OLPM,27.50,27.50,27.50,26.50,26.60,-0.90,-3.27%,32201
2026-10-02,OML,77.41,80.00,80.00,73.50,77.80,0.39,0.50%,8399
2026-10-02,ORM,11.26,11.40,11.40,11.05,11.21,-0.05,-0.44%,26997
2026-10-02,OTSU,360.30,370.00,370.00,353.00,356.95,-3.35,-0.93%,2899
2026-10-02,P01GHS020927,90.18,90.18,90.18,90.18,90.18,0.00,0.00%,5000
2026-10-02,P01GHS050827,91.08,91.11,91.11,91.11,91.11,0.03,0.03%,5000
2026-10-02,P01GHS080727,91.82,91.82,91.82,91.82,91.82,0.00,0.00%,5000
2026-10-02,P01GHS100627,92.63,92.62,92.62,92.62,92.62,-0.01,-0.01%,5000
2026-10-02,P01GHS130527,93.25,93.27,93.27,93.27,93.27,0.02,0.02%,5000
2026-10-02,P01GHS150427,93.85,93.94,93.94,93.94,93.94,0.09,0.10%,5000
2026-10-02,P01GHS160927,89.72,89.73,89.73,89.73,89.73,0.01,0.01%,5000
2026-10-02,P01GHS190827,90.65,90.65,90.65,90.65,90.65,0.00,0.00%,5000
2026-10-02,P01GHS230627,92.15,92.21,92.21,92.21,92.21,0.06,0.07%,5000
2026-10-02,P01GIS141026,99.59,99.70,99.70,99.70,99.70,0.11,0.11%,10800000
2026-10-02,P01GIS210127,96.57,96.65,96.65,96.65,96.65,0.08,0.08%,15000
2026-10-02,P03FRR180629,99.97,99.03,99.03,99.03,99.03,-0.94,-0.94%,5000
2026-10-02,P03FRR220129,94.75,94.75,94.75,94.75,94.75,0.00,0.00%,5000
2026-10-02,P03GHS121126,98.72,98.81,98.81,98.81,98.81,0.09,0.09%,5000
2026-10-02,P03GHS151026,99.58,99.69,99.69,99.68,99.69,0.11,0.11%,200005000
2026-10-02,P03GHS261126,98.30,98.39,98.39,98.39,98.39,0.09,0.09%,210000
2026-10-02,P03GHS291026,99.15,99.16,99.25,99.16,99.25,0.10,0.10%,200005000
2026-10-02,P05FRR300930,96.42,96.42,96.42,95.39,95.39,-1.03,-1.07%,55000
2026-10-02,P06GHS040227,96.10,96.19,96.19,96.19,96.19,0.09,0.09%,5000
2026-10-02,P06GHS040327,95.35,95.44,95.44,95.44,95.44,0.09,0.09%,10000
2026-10-02,P06GHS210127,96.56,96.65,96.65,96.65,96.65,0.09,0.09%,5000
2026-10-02,PABC,93.22,94.00,94.20,88.21,92.53,-0.69,-0.74%,6107
2026-10-02,PACE,9.77,9.77,10.00,9.52,9.70,-0.07,-0.72%,2600063
2026-10-02,PAEL,35.24,35.01,35.60,34.60,34.77,-0.47,-1.33%,1509695
2026-10-02,PAKD,119.13,120.00,121.00,118.51,118.86,-0.27,-0.23%,301
2026-10-02,PAKL,51.60,52.90,52.90,52.90,51.60,0.00,0.00%,5
2026-10-02,PAKOXY,347.72,331.03,349.98,329.89,348.34,0.62,0.18%,1845
2026-10-02,PAKQATAR,17.15,17.60,17.60,16.75,16.81,-0.34,-1.98%,152222
2026-10-02,PAKRI,15.63,15.63,15.72,15.50,15.60,-0.03,-0.19%,342327
2026-10-02,PAKT,1396.25,1407.99,1408.00,1385.44,1399.87,3.62,0.26%,5142
2026-10-02,PASL,2.46,2.46,2.60,2.44,2.52,0.06,2.44%,945852
2026-10-02,PASM,9.70,10.04,10.08,9.39,9.43,-0.27,-2.78%,6456
2026-10-02,PCAL,137.05,137.11,138.50,137.00,138.35,1.30,0.95%,969
2026-10-02,PECO,605.59,610.02,614.98,571.55,609.00,3.41,0.56%,755
2026-10-02,PGLC,16.42,16.45,16.65,15.75,16.52,0.10,0.61%,3339
2026-10-02,PIAHCLA,22.03,22.03,22.05,21.68,21.81,-0.22,-1.00%,857419
2026-10-02,PIAHCLB,15181.00,15500.00,15500.00,15101.00,15150.50,-30.50,-0.20%,4
2026-10-02,PIBTL,14.71,14.75,14.81,14.11,14.20,-0.51,-3.47%,22226008
2026-10-02,PICT,46.03,46.50,46.97,45.25,45.61,-0.42,-0.91%,46676
2026-10-02,PIL,4.92,4.77,5.40,4.76,5.34,0.42,8.54%,75729
2026-10-02,PIM,65.60,67.00,72.16,66.00,71.97,6.37,9.71%,133894
2026-10-02,PINL,10.11,10.20,10.20,10.01,10.03,-0.08,-0.79%,6954
2026-10-02,PIOC,239.62,239.84,239.85,233.00,234.00,-5.62,-2.35%,129497
2026-10-02,PKGI,27.43,27.01,28.00,24.69,25.80,-1.63,-5.94%,159502
2026-10-02,PKGP,35.00,35.50,35.50,34.15,34.33,-0.67,-1.91%,7025
2026-10-02,PKGS,721.22,720.00,728.00,705.16,713.89,-7.33,-1.02%,4215
2026-10-02,PMRS,371.65,371.65,397.00,336.40,355.24,-16.41,-4.42%,743
2026-10-02,PNSC,561.53,562.00,565.00,561.00,564.77,3.24,0.58%,20083
2026-10-02,POL,753.52,755.00,756.00,752.02,754.13,0.61,0.08%,135038
2026-10-02,POML,144.06,149.99,149.99,144.60,148.37,4.31,2.99%,382
2026-10-02,POWER,21.97,22.00,22.40,21.45,21.78,-0.19,-0.86%,1960390
2026-10-02,POWERPS,29.62,29.29,29.29,29.29,29.62,0.00,0.00%,261
2026-10-02,PPL,221.36,219.98,221.60,218.52,220.66,-0.70,-0.32%,2469461
2026-10-02,PPP,145.64,147.00,147.00,144.51,146.72,1.08,0.74%,6299
2026-10-02,PPVC,18.45,18.45,18.45,17.11,17.45,-1.00,-5.42%,18457
2026-10-02,PQGTL,12.99,13.39,13.39,12.81,12.91,-0.08,-0.62%,18908
2026-10-02,PREMA,33.99,33.55,34.00,33.00,33.22,-0.77,-2.27%,926772
2026-10-02,PRET,541.35,521.00,560.30,521.00,543.52,2.17,0.40%,1164
2026-10-02,PRL,91.22,91.30,92.70,88.00,90.35,-0.87,-0.95%,17786560
2026-10-02,PRWM,60.00,59.50,61.00,58.50,58.64,-1.36,-2.27%,4096
2026-10-02,PSEL,999.77,1009.98,1069.00,971.00,1011.43,11.66,1.17%,1830
2026-10-02,PSO,347.73,348.00,349.50,343.20,347.10,-0.63,-0.18%,1021651
2026-10-02,PSX,45.86,45.50,46.10,44.95,45.20,-0.66,-1.44%,709571
2026-10-02,PSYL,162.85,166.00,179.14,160.10,172.34,9.49,5.83%,9419
2026-10-02,PTC,59.19,59.05,59.80,58.43,58.87,-0.32,-0.54%,790175
2026-10-02,PTL,48.73,48.70,48.70,48.17,48.37,-0.36,-0.74%,18115
2026-10-02,QTECH,36.13,36.13,36.35,34.59,35.13,-1.00,-2.77%,772072
2026-10-02,QUET,15.52,15.10,15.45,14.21,14.60,-0.92,-5.93%,25846
2026-10-02,QUICE,27.99,27.99,27.99,26.00,27.02,-0.97,-3.47%,180723
2026-10-02,REDCO,27.88,27.00,28.90,26.26,27.10,-0.78,-2.80%,2148
2026-10-02,REWM,160.01,160.01,168.90,160.01,168.90,8.89,5.56%,6
2026-10-02,RICL,11.32,11.50,11.70,11.30,11.32,0.00,0.00%,13200
2026-10-02,RMPL,8841.00,8949.99,8949.99,8700.00,8722.89,-118.11,-1.34%,288
2026-10-02,RPL,15.26,15.19,15.50,14.81,14.99,-0.27,-1.77%,224329
2026-10-02,RUBY,22.25,22.00,22.50,21.40,22.01,-0.24,-1.08%,5007
2026-10-02,RUPL,28.10,27.30,29.90,27.00,27.17,-0.93,-3.31%,13969
2026-10-02,SAIF,44.12,44.30,44.30,41.55,42.01,-2.11,-4.78%,47565
2026-10-02,SANSM,117.48,123.39,123.39,113.20,117.48,0.00,0.00%,27
2026-10-02,SAPT,1567.66,1567.66,1567.66,1522.00,1567.66,0.00,0.00%,11
2026-10-02,SARC,71.60,75.50,75.50,67.02,68.29,-3.31,-4.62%,34388
2026-10-02,SASML,331.36,301.30,345.65,301.26,331.36,0.00,0.00%,18
2026-10-02,SAZEW,1698.96,1704.99,1704.99,1678.00,1681.56,-17.40,-1.02%,68694
2026-10-02,SBL,13.43,13.05,13.64,13.05,13.34,-0.09,-0.67%,311781
2026-10-02,SCBPL,60.03,60.65,60.65,59.00,60.00,-0.03,-0.05%,13743
2026-10-02,SEARL,79.40,79.38,79.79,78.85,78.93,-0.47,-0.59%,1857544
2026-10-02,SEL,25.19,24.57,26.78,24.51,25.78,0.59,2.34%,4269
2026-10-02,SELECT,31.13,31.50,31.50,30.21,30.63,-0.50,-1.61%,718831
2026-10-02,SEPL,133.40,133.40,136.98,131.99,133.93,0.53,0.40%,12672
2026-10-02,SERT,38.45,38.45,38.97,36.95,37.64,-0.81,-2.11%,7029
2026-10-02,SFL,1053.50,1040.00,1050.00,1035.10,1053.50,0.00,0.00%,6
2026-10-02,SGF,107.17,107.05,107.96,106.50,107.01,-0.16,-0.15%,37586
2026-10-02,SGPL,23.26,23.70,24.25,21.85,23.21,-0.05,-0.21%,4809670
2026-10-02,SHCM,55.66,56.00,56.00,53.00,55.66,0.00,0.00%,212
2026-10-02,SHDT,49.92,50.98,50.98,48.50,49.04,-0.88,-1.76%,10855
2026-10-02,SHEZ,282.84,289.90,289.90,280.00,282.03,-0.81,-0.29%,1620
2026-10-02,SHFA,436.05,442.00,446.69,431.00,442.06,6.01,1.38%,3550
2026-10-02,SHJS,143.00,143.00,143.00,139.51,139.99,-3.01,-2.10%,213
2026-10-02,SHNI,7.90,7.90,8.19,7.75,8.00,0.10,1.27%,66559
2026-10-02,SHSML,341.00,341.00,341.00,341.00,340.50,-0.50,-0.15%,50
2026-10-02,SIBL,6.98,7.42,7.42,6.45,6.64,-0.34,-4.87%,1081
2026-10-02,SIEM,1613.81,1600.03,1635.00,1592.00,1598.95,-14.86,-0.92%,416
2026-10-02,SINDM,36.33,35.50,39.70,32.70,34.76,-1.57,-4.32%,352530
2026-10-02,SITC,681.98,699.00,699.00,658.00,689.00,7.02,1.03%,2720
2026-10-02,SKRS,23.01,23.05,25.30,22.51,23.92,0.91,3.95%,8725
2026-10-02,SLGL,13.69,13.60,13.75,13.50,13.61,-0.08,-0.58%,341913
2026-10-02,SLM,22.65,22.50,22.80,22.39,22.58,-0.07,-0.31%,1200591
2026-10-02,SLYT,16.56,16.02,16.40,15.50,15.77,-0.79,-4.77%,2051
2026-10-02,SMCPL,41.21,42.00,42.00,40.51,40.62,-0.59,-1.43%,50028
2026-10-02,SML,91.66,91.66,91.66,91.66,100.00,8.34,9.10%,1
2026-10-02,SNAI,33.62,34.50,34.50,32.10,32.19,-1.43,-4.25%,3016
2026-10-02,SNBL,19.05,19.38,19.38,18.80,19.00,-0.05,-0.26%,817665
2026-10-02,SNGP,90.87,90.87,91.45,90.05,90.36,-0.51,-0.56%,469916
2026-10-02,SOYASUP,28.47,28.04,29.97,28.00,28.91,0.44,1.55%,128340
2026-10-02,SPAC1,22.36,22.44,24.60,20.99,21.26,-1.10,-4.92%,1201232
2026-10-02,SPAC2,13.66,13.93,13.95,13.39,13.61,-0.05,-0.37%,33715
2026-10-02,SPEL,41.30,41.30,41.30,39.52,40.19,-1.11,-2.69%,85573
2026-10-02,SPL,42.13,44.34,44.34,41.56,42.87,0.74,1.76%,2616
2026-10-02,SPSL,15.79,16.05,16.05,15.20,15.32,-0.47,-2.98%,4507192
2026-10-02,SPWL,7.81,7.83,7.85,7.75,7.83,0.02,0.26%,299359
2026-10-02,SRR,17.09,17.10,17.50,17.00,17.00,-0.09,-0.53%,8167
2026-10-02,SRVI,179.85,180.00,188.98,177.00,182.46,2.61,1.45%,52977
2026-10-02,SSGC,23.30,23.50,23.58,22.91,23.27,-0.03,-0.13%,2246325
2026-10-02,SSML,18.90,18.01,18.29,18.00,18.29,-0.61,-3.23%,5249
2026-10-02,SSOM,506.29,495.01,520.00,485.01,502.43,-3.86,-0.76%,199761
2026-10-02,STCL,8.73,8.87,8.89,8.74,8.83,0.10,1.15%,36478
2026-10-02,STJT,147.98,161.96,161.96,138.00,150.64,2.66,1.80%,1836
2026-10-02,STL,23.87,24.00,24.00,23.08,23.32,-0.55,-2.30%,526616
2026-10-02,STML,44.94,46.00,46.30,42.36,44.01,-0.93,-2.07%,3867
2026-10-02,STPL,8.01,8.18,8.18,7.81,7.91,-0.10,-1.25%,290363
2026-10-02,STYLERS,49.68,50.00,51.80,47.60,49.88,0.20,0.40%,34488
2026-10-02,SURC,147.98,148.00,149.70,145.50,145.71,-2.27,-1.53%,4006
2026-10-02,SUTM,108.74,109.80,118.29,105.06,113.69,4.95,4.55%,18652
2026-10-02,SYM,12.03,12.48,12.48,11.17,11.74,-0.29,-2.41%,405651
2026-10-02,SYS,118.34,118.34,118.50,114.40,115.84,-2.50,-2.11%,2647042
2026-10-02,SZTM,87.02,85.00,93.00,82.00,83.50,-3.52,-4.05%,39118
2026-10-02,TATM,151.12,149.90,155.00,147.00,148.77,-2.35,-1.56%,39095
2026-10-02,TBL,8.75,8.83,8.83,8.60,8.67,-0.08,-0.91%,496806
2026-10-02,TCORP,19.68,20.15,20.15,19.20,19.60,-0.08,-0.41%,16042
2026-10-02,TELE,7.61,7.52,7.67,7.33,7.36,-0.25,-3.29%,2517072
2026-10-02,TGL,156.22,156.22,157.00,151.26,152.54,-3.68,-2.36%,80777
2026-10-02,THALL,512.78,515.00,515.00,509.00,511.99,-0.79,-0.15%,16870
2026-10-02,THCCL,72.28,72.31,73.20,70.61,71.49,-0.79,-1.09%,1167875
2026-10-02,TICL,913.92,919.98,999.98,851.00,918.90,4.98,0.54%,263
2026-10-02,TISL,5.13,5.10,5.20,4.91,5.02,-0.11,-2.14%,12475872
2026-10-02,TOMCL,31.75,31.70,32.00,30.75,31.05,-0.70,-2.20%,606998
2026-10-02,TOWL,120.33,121.50,132.36,119.02,132.36,12.03,10.00%,171758
2026-10-02,TPL,22.03,22.00,22.20,20.96,21.02,-1.01,-4.58%,5052479
2026-10-02,TPLI,52.67,55.80,55.80,52.00,53.41,0.74,1.40%,8377
2026-10-02,TPLL,19.68,19.11,19.95,18.90,18.95,-0.73,-3.71%,13643
2026-10-02,TPLP,12.56,12.40,12.70,11.75,12.10,-0.46,-3.66%,6034986
2026-10-02,TPLRF1,9.30,9.55,9.55,8.69,8.87,-0.43,-4.62%,4463139
2026-10-02,TPLT,31.88,31.50,31.90,31.32,31.77,-0.11,-0.35%,137456
2026-10-02,TREET,21.73,22.00,22.00,21.10,21.36,-0.37,-1.70%,847199
2026-10-02,TRG,55.79,56.00,56.50,54.26,54.39,-1.40,-2.51%,1197734
2026-10-02,TRIPF,130.09,130.00,132.50,128.02,129.72,-0.37,-0.28%,1668
2026-10-02,TRSM,13.52,13.75,13.75,13.16,13.50,-0.02,-0.15%,127829
2026-10-02,TSBL,2.23,2.25,2.26,2.19,2.20,-0.03,-1.35%,3276390
2026-10-02,TSMF,16.51,16.01,16.30,15.10,16.29,-0.22,-1.33%,3716
2026-10-02,TSML,500.40,480.00,510.00,477.00,485.10,-15.30,-3.06%,306
2026-10-02,TSPL,13.12,13.12,13.15,12.53,12.90,-0.22,-1.68%,15022
2026-10-02,UBDL,26.72,26.00,27.00,25.60,26.00,-0.72,-2.69%,7618
2026-10-02,UBL,417.66,417.80,427.00,415.40,420.82,3.16,0.76%,810170
2026-10-02,UBLPETF,28.27,28.19,28.94,28.06,28.17,-0.10,-0.35%,124500
2026-10-02,UCAPM,5.29,5.29,5.36,5.16,5.21,-0.08,-1.51%,83156
2026-10-02,UDLI,16.67,16.88,17.49,16.03,16.60,-0.07,-0.42%,50340
2026-10-02,UDPL,99.53,98.01,99.50,95.01,97.39,-2.14,-2.15%,16083
2026-10-02,UNIC,11.08,10.88,11.25,10.80,10.83,-0.25,-2.26%,13608
2026-10-02,UNITY,8.02,8.02,8.08,7.93,7.95,-0.07,-0.87%,1877893
2026-10-02,UPFL,25499.00,25799.00,25800.00,23116.16,25488.40,-10.60,-0.04%,217
2026-10-02,WAFI,161.01,161.00,162.17,157.00,159.39,-1.62,-1.01%,46311
2026-10-02,WAHDAT,14.32,14.25,14.68,14.11,14.19,-0.13,-0.91%,141033
2026-10-02,WAHN,224.62,224.60,226.99,221.61,224.07,-0.55,-0.24%,8718
2026-10-02,WASL,6.02,6.02,6.02,5.77,5.82,-0.20,-3.32%,736920
2026-10-02,WAVES,8.93,8.88,9.00,8.70,8.91,-0.02,-0.22%,961730
2026-10-02,WAVESAPP,7.88,7.92,7.96,7.61,7.70,-0.18,-2.28%,837163
2026-10-02,WTL,1.00,1.01,1.03,0.99,1.00,0.00,0.00%,40080634
2026-10-02,YOUW,5.17,5.25,5.25,4.99,5.03,-0.14,-2.71%,2204823
2026-10-02,ZAHID,63.10,60.56,63.99,60.56,61.87,-1.23,-1.95%,2946
2026-10-02,ZAL,41.12,41.05,41.20,40.15,40.41,-0.71,-1.73%,313769
2026-10-02,ZIL,313.11,331.89,331.89,302.14,313.11,0.00,0.00%,57
2026-10-02,ZTL,15.44,15.89,16.10,15.25,15.49,0.05,0.32%,91840
2026-10-02,ZUMA,27.06,26.97,29.77,25.76,28.37,1.31,4.84%,9275635
